date,item
2026-07-30,April Drools
2026-07-30,Before and Laughter
2026-07-30,Buttfeeling
2026-07-30,Damn Dirty Nape
2026-07-30,Difficulty Seething
2026-07-30,Educated Gas
2026-07-30,Groan Locally
2026-07-30,Laughterthoughts
2026-07-30,Mud Cuddles
2026-07-30,Over Yawnder
2026-07-30,Significant Udder
2026-07-30,Sudden Frown Pour
2026-07-30,Tractor Pulse
2026-07-23,Aptskin
2026-07-23,Candy Gland
2026-07-23,Fistplace
2026-07-23,Groin Impatient
2026-07-23,Heel Raiser
2026-07-23,Knuckleberries
2026-07-23,Mississipi Liver
2026-07-23,Scalp to my Lou
2026-07-23,School puss
2026-07-23,Snout snout let it all out
2026-07-23,Steely Dandruff
2026-07-23,Wart Gallery
2026-07-16,Anchor Management
2026-07-16,Babble Hips
2026-07-16,Cornhole Sanders
2026-07-16,Halibut butt
2026-07-16,Heel in a handbasket
2026-07-16,Iris Just Leaving
2026-07-16,Lump Thumb
2026-07-16,Navel Knievel
2026-07-16,Prince Finger
2026-07-16,Riberation
2026-07-16,Status Flatus
2026-07-16,West Undies
2026-07-09,Fats of strength
2026-07-09,Hands Solo
2026-07-09,Moving Experiences
2026-07-09,Nasal Hazel
2026-07-09,Private Beefheart
2026-07-09,Silk Duds
2026-07-09,Simon and Garfankle
2026-07-09,Swiss Scalps
2026-07-09,Texas Reflexes
2026-07-09,Thought Sauce
2026-07-09,Walking a temperature
2026-07-09,Walking Begonia
2026-07-09,Weathering Lows
2026-07-02,Brain Denehy
2026-07-02,Courtney Coccyx
2026-07-02,Cuteus Maximus
2026-07-02,False Dingle
2026-07-02,Pharnyx Arizona
2026-07-02,Fia Marrow (Mia Farrow had that)
2026-07-02,Gomer Pyles
2026-07-02,Heart Garfunkel
2026-07-02,Loretta Sweat
2026-07-02,Rectus Grin
2026-06-25,Careless Whiskers
2026-06-25,Dog Cholera
2026-06-25,Fine Art-eries
2026-06-25,Jumping Jills
2026-06-25,Kidney Poitier
2026-06-25,Lymphatic Gestures
2026-06-25,Nostral Projection
2026-06-25,Olympic Phlegm
2026-06-25,Promised Gland
2026-06-25,Rashbrowns
2026-06-25,Sacrificial Limbs
2026-06-25,Shart Stories
2026-06-25,Status Flatus
2026-06-18,Bachelor Number Two
2026-06-18,Billy Ray Iris
2026-06-18,Flatus Apancake aka Flapjap Gas
2026-06-18,Gland of the Free
2026-06-18,Happypotamus
2026-06-18,Hawaian Eyelids
2026-06-18,Mouthketeers
2026-06-18,Neck Nolte
2026-06-18,Pimple Minds
2026-06-18,Popped Pupil
2026-06-18,The Shinning
2026-06-18,Third Degree Sideburns
2026-06-18,Upchuckling
2026-06-18,Vision Impossible
2026-06-18,Vision Impossible 2
2026-06-11,Diarrhea Perlman
2026-06-11,Dry Runs
2026-06-11,Jaw of Iran
2026-06-11,Lard Sales
2026-06-11,Lois Brain
2026-06-11,Poop John B
2026-06-11,Reader's Digestion
2026-06-11,Rib Taylor
2026-06-11,Shoefits
2026-06-11,Skull Durham
2026-06-11,Taint Misbehavin'
2026-06-11,Underpanting
2026-06-04,Abdomen Dumber
2026-06-04,Calf Can
2026-06-04,Captain and Toenail
2026-06-04,Cephalic Baldwin
2026-06-04,Cough Broadway
2026-06-04,Crystal Mouth
2026-06-04,Funky Cold Medulla
2026-06-04,Naughty Spine
2026-06-04,Lymphatic Gestures
2026-06-04,Prostator Tots
2026-06-04,Special Head
2026-06-04,Spleen Cuisine
2026-06-04,Tight Dockers
2026-05-28,Brain Jones
2026-05-28,Carotid Cake
2026-05-28,Chest Kidding
2026-05-28,Femur Fortune
2026-05-28,Lemon Lime Disease
2026-05-28,Low budget Cheek
2026-05-28,Nasal Rathbone
2026-05-28,Pantynose
2026-05-28,Posterior Decorating Sensations
2026-05-28,Robert Molars
2026-05-28,Salivation Army
2026-05-28,Tomé Toe
2026-05-21,Abdominal Cavities
2026-05-21,Artery Taylor Greene
2026-05-21,Buttfeeling
2026-05-21,Butt Muscle
2026-05-21,Count Fibula
2026-05-21,Count Scapula
2026-05-21,Facial Harmony
2026-05-21,Footbeer
2026-05-21,Junior High Stool
2026-05-21,Nipsy Muscle
2026-05-21,Oral Reef
2026-05-21,Pharnix Arizona
2026-05-21,Spinal Countdown
2026-05-21,Step Bladder
2026-05-14,Dan Morfitt fills in
2026-05-07,Anything Butt
2026-05-07,Coccyx doodled doo
2026-05-07,Cornea on the Cobb
2026-05-07,Eternal Phlegm
2026-05-07,Lobes Pierre
2026-05-07,Lump Thumb
2026-05-07,Native Gland
2026-05-07,Pepperidge Forearm
2026-05-07,Walky Nose
2026-04-30,Barn Jowls
2026-04-30,Big boot
2026-04-30,Dinglebells
2026-04-30,Fib Relations (False Relatives)
2026-04-30,Lard Almighty
2026-04-30,Nostrildamus
2026-04-30,Numb Skull
2026-04-30,Pucker Carlson
2026-04-30,Roomy Trunk
2026-04-30,Saliva Minelli
2026-04-30,Skintucky
2026-04-30,Thumbdinger
2026-04-30,Thumbwear over the rainbow
2026-04-23,EFD fills in
2026-04-16,Bald Fists
2026-04-16,Bridget Jones Diarrhea
2026-04-16,Buffalo Bile
2026-04-16,Cigarette Butt
2026-04-16,Flab Results
2026-04-16,Halley's Vomit
2026-04-16,Head Norton
2026-04-16,Hot Pinky
2026-04-16,Kidney Opera House
2026-04-16,Lattis Flatus
2026-04-16,Lump Thumb
2026-04-16,Mc Rib
2026-04-16,Necktoplasm
2026-04-16,Two Dollar Bile
2026-04-09,Carotid Cake
2026-04-09,Chest Kidding
2026-04-09,Cotton Balls
2026-04-09,Drool Barrymore
2026-04-09,Elbow Diddley
2026-04-09,Heart Nouveau
2026-04-09,Jimmy Cartilage
2026-04-09,Mayonaisal Discharge
2026-04-09,Memory Gain
2026-04-09,Oral Reefer
2026-04-09,Posterior Decorating
2026-04-09,Promised Gland
2026-04-09,Raisin Brain
2026-04-09,Saturday Night Femur
2026-04-02,Bear Spots
2026-04-02,Big Buttress
2026-04-02,Chuck Belly
2026-04-02,Disney Spells
2026-04-02,Funny Wories
2026-04-02,Indian Chafe
2026-04-02,Moonsocket
2026-04-02,Ore Spasm
2026-04-02,Smiles Davis
2026-04-02,Spinecones
2026-04-02,Sprint Julip
2026-04-02,Thigh Chaperone
2026-03-26,EFD fills in
2026-03-19,Fladdis Ababa
2026-03-19,Landskipping
2026-03-19,Morning Runs
2026-03-19,Musky Toes
2026-03-19,Pianist Envy
2026-03-19,Pomises Unkept
2026-03-19,Rocky Mountain Thigh
2026-03-19,Sebaceous Skies
2026-03-19,Small Arms
2026-03-19,Stewart's Gas
2026-03-19,Sudden Breath
2026-03-19,Volcanic Promises
2026-03-19,Yawn Chairs
2026-03-12,Marathon Week
2026-03-05,Marathon Week
2026-02-26,Abdominal Snowman
2026-02-26,Eternal Phlegm
2026-02-26,Exit Cramps
2026-02-26,Forever Lung
2026-02-26,Frozen Ego Waffles
2026-02-26,George Mucus
2026-02-26,Kidney Poitier
2026-02-26,Madrid Sprain
2026-02-26,Megaballonia
2026-02-26,Phlegm Broiled Whopper
2026-02-26,Phlegm Throwing
2026-02-26,Rand Palsy
2026-02-26,Seward Follicles
2026-02-26,Tidy Bowel
2026-02-26,Tongue Frankenstein
2026-02-19,Advancing Hearline
2026-02-19,Bath Womb
2026-02-19,Cank Misbehavin'
2026-02-19,Clothes Anger
2026-02-19,Groin Pains
2026-02-19,Infinite Chest
2026-02-19,Koala Beard
2026-02-19,License Palate
2026-02-19,Mouth Pole
2026-02-19,Smiling Faeces
2026-02-19,Snort Pole
2026-02-19,Toad Breath
2026-02-19,Watercolor panting
2026-02-12,Athlete's Fist
2026-02-12,Dry Running
2026-02-12,Gluteus Corpus
2026-02-12,It's Aliva
2026-02-12,Nervous Presley
2026-02-12,Nine Inch Fingernails
2026-02-12,Shaven Images
2026-02-12,Short Puss
2026-02-12,Toe Blerone
2026-02-12,Unleaded Gas
2026-02-12,WaterMelonin
2026-02-05,Aft Skin
2026-02-05,Changing of the Gurd
2026-02-05,Cough Broadway
2026-02-05,Flu Manchu
2026-02-05,Hand Bancroft
2026-02-05,Manchu Walk
2026-02-05,Might as well Mumps
2026-02-05,Modern Heart
2026-02-05,Nose Allison
2026-02-05,Phlegm Kadiddlehopper
2026-02-05,Scarborough Hair
2026-02-05,Shoulder Choleretta
2026-02-05,Snowmobile Gas
2026-02-05,Tennis Balls
2026-01-29,Burp Reynolds
2026-01-29,Gas Clowns
2026-01-29,Go Toilet On The Mountain
2026-01-29,Grin Hornet
2026-01-29,Master Of Nuns (can be a habit for Clay)
2026-01-29,Pepperidge Forearm
2026-01-29,Saliva Minelli
2026-01-29,Short Runs
2026-01-29,Stress Parker
2026-01-29,Vein Newton
2026-01-22,Flatus Ababa
2026-01-22,Knee Jerk Chicken
2026-01-22,Laughtertaste
2026-01-22,Motley Croupe
2026-01-22,Nerves Griffin
2026-01-22,Ribs Pierre
2026-01-22,Rocky Mountain Thigh
2026-01-22,Speech pits
2026-01-22,Spine Barrens
2026-01-22,Sudden Breath
2026-01-22,Sweating Cake
2026-01-22,Toenado
2026-01-22,Watermeloncollie
2026-01-15,Abdominal Cavities
2026-01-15,Artery Linklater
2026-01-15,Dutch Ribs
2026-01-15,Urethra Franklin
2026-01-15,Folk Artery
2026-01-15,Imaginary Frenzy
2026-01-15,Mistaken Gland Identity
2026-01-15,Parsley Rage (from listenting to too much Simon & Garfunkel)
2026-01-15,Pop Artery
2026-01-15,Posterior Motives
2026-01-15,Sleepy Holler
2026-01-15,Testiclishness
2026-01-15,Tink Pinkle
2026-01-15,Woody Johnson
2026-01-08,Bellyvision
2026-01-08,Burp Reynolds
2026-01-08,Fat Lap
2026-01-08,Laughterthoughts
2026-01-08,Mud Cuddles
2026-01-08,Pelvis Costello
2026-01-08,Snow Pees
2026-01-08,Color Blandness
2026-01-08,Uncontrolled Beige - Beigeing
2026-01-01,Mona Fills in
2025-12-25,Jim the Poet fills in
2025-12-18,Brain Wilson
2025-12-18,Camelfinger
2025-12-18,Cigarette Butt
2025-12-18,Femur Fortune
2025-12-18,Footbear
2025-12-18,Fractured Hairline
2025-12-18,Larnyx Arizone
2025-12-18,Modern Artery
2025-12-18,Neck Nolte
2025-12-18,Numb Skull
2025-12-18,Panda Beard
2025-12-18,Trombone Blatter
2025-12-18,Two Dollar Bile
2025-12-11,Beanie Raybees
2025-12-11,Dutch Coven
2025-12-11,Feynman twist
2025-12-11,Finger Jam
2025-12-11,Fudge Judy
2025-12-11,Gomer Pyles
2025-12-11,Gut Peeling (sunburn on stomach)
2025-12-11,Head Butt
2025-12-11,Jim Vapors
2025-12-11,Kneehilism
2025-12-11,Lavorous Claybourne
2025-12-11,Little Toe (Toe Cartwright)
2025-12-11,Shoulder Choleretta
2025-12-04,Avon Colon
2025-12-04,Bally Thigh
2025-12-04,Cedar Chest
2025-12-04,Cigarette Butt
2025-12-04,"Dolly Parton Jawline (Jawline, Jawline, Jawline...)"
2025-12-04,Fivehead (vs Forehead)
2025-12-04,Glands Armstrong
2025-12-04,Masonic Temples
2025-12-04,Modern Heart
2025-12-04,Santaria (North Pole Revenge)
2025-12-04,"Singing Legbone (You may say I'm femur, but I'm not the only one)"
2025-12-04,"Stiltskin, Rumpled Stiltskin"
2025-12-04,Threehead (just short of a forehead)
2025-11-27,Rip Van Pimples
2025-11-27,Pimplestiltskins
2025-11-27,Turkey Legs
2025-11-27,Belly High
2025-11-27,Davel Rump
2025-11-27,Barf Simpson
2025-11-27,Tonsil and Gretel
2025-11-27,Shadow Nodes
2025-11-27,Missing Bode
2025-11-27,Tibia or not Tibia
2025-11-27,Shakespeare Leg
2025-11-27,Rocky Mountain Spotted Femur
2025-11-27,Body Hackett
2025-11-20,Baked Hamulus
2025-11-20,Bland Ambitions
2025-11-20,Deep seeded ears
2025-11-20,Enriched Cranium
2025-11-20,Glee Atwater
2025-11-20,Glee Torvino
2025-11-20,Neck of the Edmund Fitzgerald
2025-11-20,Occular Weapons
2025-11-20,Pantscreas
2025-11-20,Pelvic Bathrooms
2025-11-20,Pelvic Enemy
2025-11-20,Psy Attica
2025-11-20,Royal Shinus
2025-11-20,Shoulder Woman
2025-11-20,Teeth Richards
2025-11-20,Teeth Urban
2025-11-13,Abdomen Eve
2025-11-13,Brad Spit
2025-11-13,Eternal Wrist
2025-11-13,Facial Hatred
2025-11-13,Handcastles
2025-11-13,Kurt Muscle
2025-11-13,Lumbar Yard
2025-11-13,Muscle Crowe
2025-11-13,Nape Crazy (Neck Nolte)
2025-11-13,Neck Nolte
2025-11-13,Optic Fibber
2025-11-13,Saliva Minelli
2025-11-13,Six Feet Under Arm
2025-11-13,Tear Gas (flatulent crier)
2025-11-06,Athlete's Hand
2025-11-06,Blink Check
2025-11-06,Ditta Von Knees
2025-11-06,Eye Alone
2025-11-06,Hair Jordan
2025-11-06,Laughterbirth
2025-11-06,Leg Fu Yung
2025-11-06,Lice Pilaf
2025-11-06,Phobia Kates
2025-11-06,Rand Palsy
2025-11-06,Toto Toe (too much Wizard of Oz)
2025-10-30,Heart Garfunkel
2025-10-30,Lapped Chips
2025-10-30,Military Cervix
2025-10-30,Nervous Presley
2025-10-30,Nostral Projection
2025-10-30,Placenta Clause
2025-10-30,Posterior Motives
2025-10-30,Promised Gland
2025-10-30,Rectumzimbalist Junior
2025-10-30,Tibia Tongue
2025-10-30,Underies
2025-10-30,Undue Arm
2025-10-23,Adnoid Delusions
2025-10-23,American Hand
2025-10-23,Capillary David
2025-10-23,Epiglottis Knight
2025-10-23,Felopian Tubesocks
2025-10-23,Little Brown Jugular Vein
2025-10-23,Lucky Arms
2025-10-23,Lung Frankenstein
2025-10-23,Rivers Mouth
2025-10-23,Twenty Mule Team Thorax
2025-10-23,Wild Wild Waist
2025-10-16,Ankle Rotary
2025-10-16,Bile Merry
2025-10-16,Bladder Up (tinkle at ball games)
2025-10-16,Count Scapula
2025-10-16,Phalange Dickinson
2025-10-16,Hands Down (light covering of hair on your hands)
2025-10-16,Legs Benedict
2025-10-16,Muscle Brand
2025-10-16,Muscle Simmons
2025-10-16,Muscle Stovers
2025-10-16,Spinecones
2025-10-16,Vein Newton
2025-10-16,Why Aorta
2025-10-16,Wrist easy
2025-10-16,Wrist in peace
2025-10-09,Bowlerina Issues
2025-10-09,Chair Arm
2025-10-09,Dancer's Kidney
2025-10-09,Ear of Corn
2025-10-09,Farm Hand
2025-10-09,Groin Pains
2025-10-09,Loud Bangs
2025-10-09,Manchu Walk
2025-10-09,No-one Nose
2025-10-09,Pop Artery
2025-10-09,Regular Gas
2025-10-09,Shadow Nose
2025-10-09,Sinus Pauling
2025-10-09,Sofa Arm
2025-10-09,Two Dollar Bile
2025-10-02,Abdominal Snowman
2025-10-02,Burger Joint
2025-10-02,Long John Silvers
2025-10-02,Nasal Academy
2025-10-02,Nasal Rathbone
2025-10-02,Neil Tongue
2025-10-02,Neil Rung
2025-10-02,Pantscreas
2025-10-02,Peter Diaphragmton
2025-10-02,Pubic Enemies
2025-10-02,Step Bladder
2025-10-02,Stuart's Follicle
2025-10-02,Sweet Soros Gas
2025-10-02,Truth Decay
2025-10-02,Yard Arm
2025-09-25,Call to Arms
2025-09-25,Childed Plague
2025-09-25,Cholera TV
2025-09-25,Cough Dropsy
2025-09-25,Crab Cakes
2025-09-25,Cuddler's Gas
2025-09-25,Don Rickets
2025-09-25,Ed Asthma
2025-09-25,Eyes Tea
2025-09-25,Flex Harrison
2025-09-25,Just Pressed Plague
2025-09-25,London Colon
2025-09-25,Quinsy Jones
2025-09-25,Stroke of Good Luck
2025-09-18,Count Fistula
2025-09-18,Def Leprosy
2025-09-18,Dog Cholera
2025-09-18,Dropsy Part 2
2025-09-18,Fibronostalgia
2025-09-18,French Foreign Lesions
2025-09-18,Guided Measles
2025-09-18,Jaundice Bergen
2025-09-18,King Arthurites
2025-09-18,Plutonic Plague
2025-09-18,Rand Palsy
2025-09-18,Syphilis Diller
2025-09-18,Vanilla Lice
2025-09-11,Asparagusofagus
2025-09-11,Denver Piles
2025-09-11,Fatted Calves
2025-09-11,Fudge Judy
2025-09-11,Going Nape (crazy feeling at back of the neck)
2025-09-11,Lisa Lobes
2025-09-11,Navel Contemplation
2025-09-11,Navy Battlehips
2025-09-11,Solar Colorado
2025-09-11,Symphoknees (classical music stiffness)
2025-09-11,Thigh of Relief
2025-09-11,Thong Song Blue
2025-09-11,"Violin feet, thinking you're feet as a fiddle"
2025-09-11,Women's Rib
2025-09-04,ABCebum
2025-09-04,Exsprain
2025-09-04,Gland Ho
2025-09-04,Gole Earrings
2025-09-04,Hundred Yard Runs
2025-09-04,Live-arrhia (it will make you diarrhea)
2025-09-04,Motley Croupe
2025-09-04,Muscle Stovers
2025-09-04,Mute Gingrich
2025-09-04,Shin-Chin Cheree
2025-09-04,Vampire Fat
2025-09-04,Venetian Blindness
2025-09-04,Wink Panther
2025-08-28,Ear Apparent
2025-08-28,Flatus and Topeka in Santa Fe
2025-08-28,Handaoneandatwo (Band Director's Disease)
2025-08-28,Happy New Ear
2025-08-28,Koala Beard
2025-08-28,Limb excuses
2025-08-28,Mousy Tongue (Mao Tse-Tung) (if you eat mice)
2025-08-28,Peach Spit
2025-08-28,Porter's Gas
2025-08-28,Rosebowel
2025-08-28,Third Ear
2025-08-28,Windshield Weeping
2025-08-28,Yahtzee Party with Yathzee Sympathisers
2025-08-21,Billy Ray Virus
2025-08-21,Buffalo Bile
2025-08-21,Burnt Reynolds
2025-08-21,Cramp Suzette
2025-08-21,Gluteus Minimus
2025-08-21,Laughterburn
2025-08-21,Loogie Nights
2025-08-21,Lung Distance
2025-08-21,Minnow Pause
2025-08-21,Navel Spray
2025-08-21,Ore Spasm
2025-08-21,Prostator Tots
2025-08-21,Toejam Session
2025-08-21,Toetoe
2025-08-14,Belly Interesting
2025-08-14,Board Games
2025-08-14,Chimney Flu
2025-08-14,Diving Board
2025-08-14,Fart Nouveau
2025-08-14,Hooping Cranium
2025-08-14,Jaw Moccha
2025-08-14,Nasal Nut Creamer
2025-08-14,Placid Reflux
2025-08-14,Spine Barrens
2025-08-14,Sweet Corns
2025-08-14,Tom Vertebrady
2025-08-14,Warren Diabetes
2025-08-07,Abdominal Snowman
2025-08-07,Barf Simpson
2025-08-07,Canal Fixation
2025-08-07,Diving Boredom
2025-08-07,Elbow Diddley
2025-08-07,Great Barrier Teeth
2025-08-07,Ice Screams
2025-08-07,Johan Sebastian Back (lose your composure)
2025-08-07,Lard Almighty
2025-08-07,Lucille Baldness
2025-08-07,Manchu Walk
2025-08-07,Phlegm Broiled Whopper
2025-07-31,Chest Kidding
2025-07-31,Craw Moms
2025-07-31,Department Head
2025-07-31,Electric Gut Tar
2025-07-31,Family Jowls
2025-07-31,Frequent Calliopeeing
2025-07-31,Liberace
2025-07-31,Living Heel
2025-07-31,Lust Bunnies
2025-07-31,Musky Toes
2025-07-31,Pancake Gas - Flatus Pancake
2025-07-31,Saliva Minelli
2025-07-31,Thigh Coleman
2025-07-31,Wastebuds
2025-07-24,Abdomen Eve
2025-07-24,Billy Gout
2025-07-24,Bishin License
2025-07-24,Constipational Amendments
2025-07-24,Cough Broadway
2025-07-24,Earwax Lips
2025-07-24,Flatus Knight
2025-07-24,Fudge Dredd
2025-07-24,Fun gas
2025-07-24,Gilt Chamberlain
2025-07-24,Goutier (designer gout)
2025-07-24,Howard Sternum
2025-07-24,Loretta Sweat
2025-07-24,Pheromone Fawcett
2025-07-24,Sweatemotions
2025-07-17,Birminghand
2025-07-17,Depressing your luck
2025-07-17,Fanspasm
2025-07-17,Fart Nouveau
2025-07-17,"Grandnashing your teeth, biting your time"
2025-07-17,Head Asner
2025-07-17,Head McMahon
2025-07-17,Knee Jerk Chicken
2025-07-17,Misterhead
2025-07-17,Mombrain (Insane in the )
2025-07-17,Muscle Simmons
2025-07-17,Navel Intelligence
2025-07-17,Night Stallions (instead of Nightmares)
2025-07-17,Serotoning it dowm
2025-07-17,Sleepy Swallow
2025-07-10,Abdomen Eve
2025-07-10,Athlete's Hand
2025-07-10,Basketbowel
2025-07-10,Bridget Jones Diarrhea
2025-07-10,Chrysanthemumps
2025-07-10,Crestfeeding (eating toothpaste)
2025-07-10,Flatis Abeba
2025-07-10,Fleshbulbs
2025-07-10,Gasping at straws
2025-07-10,Itchy Camaro
2025-07-10,Rage Conniff
2025-07-10,Stolen Glands
2025-07-10,The Walks (mild for of the runs)
2025-07-10,Tink Pinkle
2025-07-04,DJ Perro Caliente fills in
2025-06-26,Brad Spit
2025-06-26,Eye Gluteus
2025-06-26,Farm Wrestling
2025-06-26,Foul Balls
2025-06-26,Hootbowel
2025-06-26,Impatotoed
2025-06-26,Morse Cold
2025-06-26,No Taste Spuds
2025-06-26,Public Cervix Announcement
2025-06-26,Raquel Belch
2025-06-26,REM Speedwagon
2025-06-26,Sweat Georgia Brown
2025-06-26,Toe Namath
2025-06-19,Ayn Rand Syndrome
2025-06-19,Billy Ray Thymus
2025-06-19,Cardiac Moments
2025-06-19,Disney Gland
2025-06-19,Fountainhead
2025-06-19,Haydn Seekum
2025-06-19,Laughterthoughts
2025-06-19,Muscle Stovers
2025-06-19,Nervous Presley
2025-06-19,Phlegm Broiled Whopper
2025-06-19,Shrug Burns
2025-06-19,Song Long Blue
2025-06-19,Spinal Countdown
2025-06-19,Sweet Cornea
2025-06-19,Wyatt Urping
2025-06-12,Eardrum Solo's
2025-06-12,Earwax Lips
2025-06-12,Eternal Wrist
2025-06-12,Eve's Apple
2025-06-12,Funky Cold Medulla
2025-06-12,Hard of Herring
2025-06-12,Head Asner
2025-06-12,Legs Benedict
2025-06-12,Molar Ice Caps
2025-06-12,Nail Young
2025-06-12,Nostral Projection
2025-06-12,Pelvis Costello
2025-06-12,Scrambled Legs
2025-06-12,Stiffness of Fish
2025-06-12,Tympanic Attacks
2025-06-12,Undisclosed Thumb
2025-06-05,Anyone's Gas
2025-06-05,Blank Cheek
2025-06-05,Elmer's Gluteus
2025-06-05,Flatus Knight
2025-06-05,Frying Pancreas
2025-06-05,Heart Nouveau
2025-06-05,Howard Sternum
2025-06-05,Inconvenient Tooth
2025-06-05,Lovers' Sleep
2025-06-05,Lucille Baldness
2025-06-05,Nevermind the Buttocks
2025-06-05,Quantum Sleep
2025-06-05,Raisin Brain
2025-06-05,Sleap of Faith
2025-06-05,Sleepfrog
2025-06-05,Smirk Douglas
2025-06-05,Socket Pool
2025-06-05,Speech Cobbler
2025-06-05,Stealers heel
2025-05-29,Belly Interesting
2025-05-29,Bolontary Shaking
2025-05-29,Canada Dryness
2025-05-29,Cemetary Gait
2025-05-29,Daily Weakness
2025-05-29,Extra Lard Size
2025-05-29,Eye Fat
2025-05-29,Eye Rolls
2025-05-29,Loud Inbursts
2025-05-29,Nostrildamus
2025-05-29,Squint Eastwood
2025-05-29,Tongue Frankenstein
2025-05-29,Weekly Dayness
2025-05-22,Battle Cheek
2025-05-22,Breath Metal
2025-05-22,Brown Lice
2025-05-22,Face of Spades
2025-05-22,Fresh Hair
2025-05-22,Hair B'n'B
2025-05-22,Halley's Vomit
2025-05-22,Laughing Gas
2025-05-22,Long Runs
2025-05-22,Pop Cornea
2025-05-22,Steve Miller Hand
2025-05-22,Thumbody
2025-05-22,Twenty Dollar Bile
2025-05-22,Upchuck Norris
2025-05-22,Urethra Franklin
2025-05-15,Avon Colon
2025-05-15,Calf Tan
2025-05-15,Capillary Bird
2025-05-15,Capillary David
2025-05-15,Capillary Flint
2025-05-15,Capillary King
2025-05-15,Colon Collected
2025-05-15,Eternal Phlegm
2025-05-15,Fivehead
2025-05-15,Gland Ho
2025-05-15,Heart Garfunkel
2025-05-15,Jethro Skull
2025-05-15,Jugular Vanity
2025-05-15,Legs Benedict
2025-05-15,Lice Pilaf
2025-05-15,Nervous Presley
2025-05-15,Nipple Rain
2025-05-15,Private Womb
2025-05-15,Saint Gengivitis Dance
2025-05-15,Seward Follicles
2025-05-15,Twenty Mule Team Thorax
2025-05-08,Don Fleming fills in
2025-05-01,EFD fills in
2025-04-24,Calmood
2025-04-24,Cheek Corea
2025-04-24,Coeliac Doodle Doo
2025-04-24,Count Scapula
2025-04-24,Footbeer
2025-04-24,General Custar
2025-04-24,Glottal Canal
2025-04-24,Jugular Bells
2025-04-24,Pelvis Costello
2025-04-24,Pepperidge Forearm
2025-04-24,Rocky Mountain Spotted Femur
2025-04-24,Spinal Countdown
2025-04-24,Tearduct Tape
2025-04-17,Australian Chameleon
2025-04-17,Battlehips
2025-04-17,Camelfinger
2025-04-17,Captain and Toenail
2025-04-17,Chesthair Allen Arthur
2025-04-17,Chesthair Roasting on an open fire
2025-04-17,Coat Anger
2025-04-17,Cough Broadway
2025-04-17,Cried Green Tomatoes
2025-04-17,Earthbound Misfit Eye
2025-04-17,Elbow Diddley
2025-04-17,Fudge Judy
2025-04-17,Lizard of Oz
2025-04-17,Napericots
2025-04-17,Pink Roid
2025-04-17,Pop Artery
2025-04-17,Toto Toe (too much Wizard of Oz)
2025-04-17,Vein Newton
2025-04-10,Armpitbull
2025-04-10,Blink Martindale
2025-04-10,Blink Panther
2025-04-10,Buried Fisure
2025-04-10,Cranial Fixation
2025-04-10,Dance and Uncles
2025-04-10,Groin Tired
2025-04-10,Laughtermath
2025-04-10,Papilary Storch
2025-04-10,Paul Ankle
2025-04-10,Polaroid Gland Camera
2025-04-10,Pumpin Gas
2025-04-10,Sciatica Attica Attica
2025-04-03,Charlie Daniels' Hand
2025-04-03,Ears Johnny
2025-04-03,Exotic Glands
2025-04-03,Fingerprints Charming
2025-04-03,Heady Van Halen
2025-04-03,Lymphatic Gesturing
2025-04-03,Night Movements
2025-04-03,Pianist Envy
2025-04-03,Posterior Motives
2025-04-03,Raising Heel
2025-04-03,Sleepfrog
2025-04-03,Song Tongue Blue
2025-03-27,Todd-O-Phonic Todd fills in
2025-03-20,Mona Fills in
2025-03-13,Adnoid Delusions
2025-03-13,Cough Broadway
2025-03-13,Dotted Eyes
2025-03-13,Femur Fortune
2025-03-13,Groin Pains
2025-03-13,Kidney Poitier
2025-03-13,Les Paulsy
2025-03-13,Polar Beard
2025-03-06,Afthead
2025-03-06,Eye Claudius
2025-03-06,Fudge Judy
2025-03-06,Heart Garfunkel
2025-03-06,"Intestine 1,2,3"
2025-03-06,Jethro Skull
2025-03-06,Pastor's Gas
2025-03-06,Running Pneumonia
2025-02-27,Cough Broadway
2025-02-27,Dick Butkussing
2025-02-27,Drool Sergeant
2025-02-27,Handy Williams
2025-02-27,Human Boings
2025-02-27,Ice Cream Bone
2025-02-27,Intercontinental Ballistic Muscles
2025-02-27,Live or Let Diarrhea
2025-02-27,Loretta Sweat
2025-02-27,Military Spittle
2025-02-27,Nerves Griffin
2025-02-27,Renal Fixation
2025-02-27,Salivate Me Home
2025-02-27,Spring Sounds from the Gut Area
2025-02-20,Abdominal Snowman
2025-02-20,Angry Swaying
2025-02-20,Back Hoe
2025-02-20,Bicepsuality
2025-02-20,Bile Murray
2025-02-20,Excessive Mastication
2025-02-20,Eye Claudius
2025-02-20,Ligaments of the imagination
2025-02-20,Moonshin
2025-02-20,Muscle Sprouts
2025-02-20,Rectus Grin
2025-02-20,Shin on Harvest Moon
2025-02-20,Sinus Pauling
2025-02-20,Temples of Larnyx
2025-02-20,Trunk Rock
2025-02-20,Why Aorta
2025-02-13,Angina Jolie
2025-02-13,Diarrhea Perlman
2025-02-13,Dishpan Glands
2025-02-13,Excatory Spelling
2025-02-13,Farting of the Red Sea
2025-02-13,Golden Arches
2025-02-13,Hianus Port
2025-02-13,Lice Pilaf
2025-02-13,Long-haired Herpes
2025-02-13,Lymphomania
2025-02-13,Pianist Envy
2025-02-13,Rubella Abzug
2025-02-13,Spinal Countdown
2025-02-13,Third Degree Sideburns
2025-02-06,Belly High
2025-02-06,Count Fibula
2025-02-06,Eternal Phlegm
2025-02-06,Groin Pains
2025-02-06,Head McMahon (Sleepy)
2025-02-06,Head Sullivan
2025-02-06,Howard Sternum
2025-02-06,Juggler Veins
2025-02-06,Junior High Stool
2025-02-06,Legs Benedict
2025-02-06,Placenta Clause
2025-02-06,Scrambled Legs
2025-02-06,Snowmal Bile
2025-02-06,Special Head
2025-02-06,Twenty Mule Team Thorax
2025-02-06,Zygote Cheese
2025-01-30,American Hand
2025-01-30,Bile Clinton
2025-01-30,Chest Kidding
2025-01-30,Crab Fibula
2025-01-30,Ear Itself
2025-01-30,Eternal Wrist
2025-01-30,Femur Fortune
2025-01-30,Footbeer
2025-01-30,Grand Funk Disease
2025-01-30,Mannix Attacks
2025-01-30,Muscle Stovers
2025-01-30,Neck at Night
2025-01-30,Peter Diaframpton
2025-01-30,Phalange Dickinson
2025-01-30,Polish Nauseage
2025-01-30,Sinus Pauling
2025-01-30,Vein Newton
2025-01-30,Weak Cheeks
2025-01-23,Abdominal Snowman
2025-01-23,Adnoid Delusions
2025-01-23,Cutaneous Combustion
2025-01-23,Doowop Duodenum
2025-01-23,Epiglottis Knight
2025-01-23,Kidney Poitier
2025-01-23,Kidney Pollack
2025-01-23,Les Paulsy
2025-01-23,Manspleening
2025-01-23,Nasal Academy
2025-01-23,Nostrildamus
2025-01-23,Pip's Squeak
2025-01-23,Public Cervix
2025-01-23,Spleen Cuisine
2025-01-16,Anus Moses
2025-01-16,Bucking Bronkeye
2025-01-16,Felopian Future
2025-01-16,Flight of the Farnyx
2025-01-16,Ligaments of the imagination
2025-01-16,London Colon
2025-01-16,Lymphatic Gesturing
2025-01-16,Medium Intestine
2025-01-16,Pantscreas
2025-01-16,Prostatum O'Neil
2025-01-16,Seward Follicles
2025-01-16,Suicidal Tendons
2025-01-16,Uterus Maximus
2025-01-09,Todd-O-Phonic Todd fills in
2025-01-02,Bladerall
2025-01-02,Buttfeeling
2025-01-02,Chin Tin Tin
2025-01-02,Chris Body
2025-01-02,Clarinetist's Physique
2025-01-02,Colon All Cars
2025-01-02,Ears Morgan
2025-01-02,Fart Exhibitions
2025-01-02,Gland Ho
2025-01-02,Heart Garfunkel
2025-01-02,Nails Lofgren
2025-01-02,Nils Lofgrin
2025-01-02,Oldmonia
2025-01-02,Pastor's Gas
2025-01-02,Thymus and Andy
2025-01-02,Vanilla Eyes
2025-01-02,Wurlitzer Organs
2024-12-26,John Allen fills in
2024-12-19,Afthead
2024-12-19,Close Anger
2024-12-19,Eyes T
2024-12-19,Hot Pinky
2024-12-19,Just Say Nose
2024-12-19,Maggie's Arm
2024-12-19,Nate Cod
2024-12-19,Naughty Spine
2024-12-19,Numeral Nose
2024-12-19,Pork Shoulder
2024-12-19,Raquel Belch
2024-12-19,Rocky Mountain Thigh
2024-12-19,Royal Shinus
2024-12-19,Snoutnumbered
2024-12-19,Summer Wheeze
2024-12-12,Ankle Rotary
2024-12-12,Bicepsuality
2024-12-12,Chest of Drawers
2024-12-12,Chest one of those things
2024-12-12,Clavical Visits
2024-12-12,Delayed Borgorygmus
2024-12-12,Ears Johnny
2024-12-12,Haines Syndrome
2024-12-12,High Femur
2024-12-12,Hipsilanti
2024-12-12,Lucille Ball
2024-12-12,Potato Hips
2024-12-12,Shin Tin Tin
2024-12-12,Shortness of Pants
2024-12-12,Solidarnose (Polish Nose)
2024-12-12,Spit Barbecue
2024-12-12,Toenail Diamond
2024-12-12,Tongue Fuey
2024-12-12,Underwear Chest
2024-12-12,Upchuck Woolery
2024-12-05,Armpit and the Pendulum
2024-12-05,Brownthumb
2024-12-05,Cornea Dogs
2024-12-05,Creamed Cornea
2024-12-05,Elbow Duke
2024-12-05,Elbow Syphus
2024-12-05,Esophagus Rex
2024-12-05,Eternal Phlegm
2024-12-05,Glutia Snider
2024-12-05,Gluteus Minimus
2024-12-05,James Ganglia
2024-12-05,London Colon
2024-12-05,Mastoid of Ceremonies
2024-12-05,Pop Cornea
2024-12-05,Step Bladder
2024-12-05,Stubblegum
2024-12-05,Tissue Issues
2024-12-05,Why Aorta
2024-11-28,Billy Ray Virus
2024-11-28,Cough Broadway
2024-11-28,Far Off Glands
2024-11-28,Footbeer
2024-11-28,Foot Balls
2024-11-28,Germ Morrison
2024-11-28,Jello Skeleton
2024-11-28,Mixed Nuts
2024-11-28,Motley Croupe
2024-11-28,Pastor's Gas
2024-11-28,Posterior Latex
2024-11-28,Scrambled Legs
2024-11-28,Shakespeare Tibia
2024-11-28,Third Eye Stigh
2024-11-28,Tibia or not to be
2024-11-28,Tink Pinkle
2024-11-21,Alien Vessels
2024-11-21,Cervix Animals
2024-11-21,Davy Sockett
2024-11-21,Dermous Presley
2024-11-21,Donkey Bronchioles
2024-11-21,Eye who has nothing
2024-11-21,Nervous Presley
2024-11-21,Pachidermous
2024-11-21,Petua Teribasio
2024-11-21,Promised Gland
2024-11-21,Regular Gas
2024-11-21,Respiratory Amos
2024-11-21,Seward Follicles
2024-11-21,Swimsuit Tissue
2024-11-21,Tiny Waist
2024-11-14,Constipation of the Eyes
2024-11-14,Cornea on the Cobb
2024-11-14,Electric Heel
2024-11-14,Endorphinannies
2024-11-14,Fudge Judy
2024-11-14,Funky Cold Medulla
2024-11-14,High Anus
2024-11-14,Mouth Trap
2024-11-14,Optic Fiber
2024-11-14,Partial Musical Nodes
2024-11-14,Peter Diaframpton
2024-11-14,Petuatary Bradshaw
2024-11-14,Prostator Tots
2024-11-14,Revenge of the Nerves
2024-11-14,Spinecones
2024-11-14,Taras Vulva
2024-11-14,Unfinished Lymphonies
2024-11-07,Adnoid Delusions
2024-11-07,Bathlobe
2024-11-07,Beautiful Femur
2024-11-07,Les Paulsy
2024-11-07,Lingering Patella Fitzgerald
2024-11-07,Posterior Motives
2024-11-07,Public Cervix
2024-11-07,Renal Fixation
2024-11-07,Rip Van Wrinkles
2024-11-07,Scrambled Legs
2024-11-07,Womb Service
2024-11-07,Wrinklestiltskin
2024-10-31,Athlete's Hand
2024-10-31,Billy Eyelash
2024-10-31,Count Uvula
2024-10-31,Electric Heel
2024-10-31,Glottis Knight
2024-10-31,Halloweenie
2024-10-31,Heel on Earth
2024-10-31,Hypobuttocks
2024-10-31,Legs Benedict
2024-10-31,Lunguanteen
2024-10-31,Mouth Trap
2024-10-31,Nail Armstrong
2024-10-31,Rocky Mountain Thigh
2024-10-31,Tonsil and Gretel
2024-10-24,Abdomen Dumber
2024-10-24,Bone Appetite
2024-10-24,Corectum
2024-10-24,Eternal Phlegm
2024-10-24,Groin Pains
2024-10-24,"Intestine 1,2,3"
2024-10-24,Pop Artery
2024-10-24,Sour Puss
2024-10-24,Spleen Cuisine
2024-10-24,Steely Dandruff
2024-10-24,Tongue Frankenstein
2024-10-24,Wart Linkletter
2024-10-17,Calf Tan
2024-10-17,Cheek Leak
2024-10-17,Cornea on the Cobb
2024-10-17,Eyelashley Simpson
2024-10-17,Finger Stevens
2024-10-17,Gateway Arches
2024-10-17,Gomer Bile
2024-10-17,Gomer Pyles
2024-10-17,Heart Carney
2024-10-17,Heart Linkletter
2024-10-17,Knuckle Soup
2024-10-17,Leg McMuffin
2024-10-17,Must Ache
2024-10-17,Pepperidge Arm
2024-10-10,Caesar's Palate
2024-10-10,Cortex Ritter
2024-10-10,Face Ventura
2024-10-10,Gland Ho
2024-10-10,Grizzly Beard
2024-10-10,Groin Loss
2024-10-10,Knuckling Up
2024-10-10,Nipsy Muscle
2024-10-10,Rectum of the Edmund Fitzgerald
2024-10-10,Shirley Dimples
2024-10-10,Tooth Delay
2024-10-10,Undisputed Tooth
2024-10-10,Voice Mozarts
2024-10-10,Zygote Cheese
2024-10-03,Courtney Coccyx
2024-10-03,Ethal Murmur
2024-10-03,Flight of the Farnyx
2024-10-03,Geraldine Fibulas
2024-10-03,Howard Sternum
2024-10-03,Lumbar Jack
2024-10-03,Manspleening
2024-10-03,Milk Dud Cravings
2024-10-03,Patella Clark
2024-10-03,Promised Gland
2024-10-03,Puff Bladder
2024-10-03,Shadow Nodes
2024-10-03,Vic Marrow
2024-09-26,Aracnephobia (Spider Pimples)
2024-09-26,Beach Balls
2024-09-26,Beef Tongue
2024-09-26,Camel Toaster
2024-09-26,Catcher's Mitt
2024-09-26,Chindouble
2024-09-26,Doofus Presley
2024-09-26,Felix Plunger
2024-09-26,Hourglass Figurines
2024-09-26,Lasso Profundo
2024-09-26,Mescher's Mitt
2024-09-26,Neck Nacks
2024-09-26,Photographic Mammory
2024-09-26,Roped Calf
2024-09-19,Lenny Kaye fills in
2024-09-12,Belly Savalas
2024-09-12,Blank Cheek
2024-09-12,Bone Appetite
2024-09-12,Count Fibula
2024-09-12,Elbow Diddley
2024-09-12,Judd Appetite
2024-09-12,Miley Iris
2024-09-12,Neil Tongue
2024-09-12,Nevermind the Buttocks
2024-09-12,Palm Tree
2024-09-12,Seward Follicles
2024-09-12,Solidarnose (Polish Nose)
2024-09-12,Sternum and Bailey Circus
2024-09-05,Baseball Capilaries
2024-09-05,Chicken Legs
2024-09-05,Eye Brownies
2024-09-05,Limb Robbins
2024-09-05,Limb Stew
2024-09-05,Limb Waltz
2024-09-05,Mallard Tearducts
2024-09-05,Muscle Stovers
2024-09-05,Musket Ears
2024-09-05,Nervous Presley
2024-09-05,Parking Clots
2024-09-05,Pulse McCartney
2024-09-05,Syphilis Diller
2024-09-05,Tiny Waist
2024-08-29,Abandonment Tissues
2024-08-29,Church Organs
2024-08-29,Don Thymus
2024-08-29,Pharnyx Arizona
2024-08-29,Fudge Judy
2024-08-29,Ganglia of Four
2024-08-29,Ligaments of your Imagination
2024-08-29,Olfactory Seconds
2024-08-29,Pop Artery
2024-08-29,Public Cervix
2024-08-29,Red Skeleton
2024-08-29,Rivers Mouth
2024-08-22,Bologna
2024-08-22,Cellopation
2024-08-22,Constabration
2024-08-22,Director's Gut
2024-08-22,Earwax Nostalgic
2024-08-22,Egret Regret
2024-08-22,Gam Sandwich
2024-08-22,Head of Lettuce
2024-08-22,Sailor Snot
2024-08-22,Suicisaddle (Dying to ride a horse)
2024-08-22,Tears Morgan
2024-08-22,Theyreanation (instead of Urination)
2024-08-22,Thigh of Relief
2024-08-15,Brow Jones
2024-08-15,Drool Brenner
2024-08-15,Faded Genes
2024-08-15,Flailing Miserably
2024-08-15,Humour Simpson
2024-08-15,Neck Can Car
2024-08-15,Numb Skull
2024-08-15,Returning Leg
2024-08-15,Spittle Bo Beep
2024-08-15,Undue Arm
2024-08-15,Westminster Crabby
2024-08-15,You Gotta Be Kidney
2024-08-08,Cheekmate
2024-08-08,Chucklebutt
2024-08-08,Damn Dirty Nape
2024-08-08,Flatus Knight
2024-08-08,Good Hip Lollipop Rash
2024-08-08,Gum Chewing
2024-08-08,Herring Loss
2024-08-08,Hug Addiction
2024-08-08,Laughing Gas
2024-08-08,Navel Spray
2024-08-08,Rubella Abzug
2024-08-08,Short Runs
2024-08-08,Sprained Wankle
2024-08-08,Weak Cheeks
2024-08-01,Chicago Nubs
2024-08-01,Chicken Spittle
2024-08-01,Face Dunaway
2024-08-01,Gland Ho
2024-08-01,Gluteus Minimus
2024-08-01,Jogging Memories
2024-08-01,Laughter on Tenth Avenue
2024-08-01,Lice Krispies
2024-08-01,Mud Cuddles
2024-08-01,New Christy Minstrels Cramps
2024-08-01,Piper Nubs
2024-08-01,Salad Waists
2024-08-01,Scalp Potatoes
2024-08-01,Shaving Grace
2024-08-01,Wart Authority
2024-07-25,Abdominal Snowman
2024-07-25,Athlete's Fart
2024-07-25,Avon Colon
2024-07-25,Big Bangs
2024-07-25,Elmer's Gludiol
2024-07-25,Eyelashing Out
2024-07-25,Gomer Bile
2024-07-25,Grizzly Beard
2024-07-25,Manspleening
2024-07-25,Panama Anal
2024-07-25,Pantscreas
2024-07-25,Why Aorta
2024-07-18,Abdamian (devil belly)
2024-07-18,Angers Away
2024-07-18,Dotted Spine
2024-07-18,Drop Anger
2024-07-18,Halibutt
2024-07-18,Jaw Love
2024-07-18,Memory Glands
2024-07-18,Muscle Sprouts
2024-07-18,Next of Skin
2024-07-18,Patella Savalas
2024-07-18,Philtrum Collins
2024-07-18,Postage Cramps
2024-07-18,Skintucky
2024-07-18,Some Nerve
2024-07-18,Vertebraille (blind people feeling your spine)
2024-07-11,Bananeurisms
2024-07-11,Brad's Breath
2024-07-11,Derling Wervish
2024-07-11,Dolphin Lundgren
2024-07-11,Go Cart Noises
2024-07-11,Gout Smart
2024-07-11,Long Goodbyecycles
2024-07-11,Midnight Stride
2024-07-11,Motley Croupe
2024-07-11,Pant Colonies
2024-07-11,Rubella Devilla
2024-07-11,Silk Duds
2024-07-11,Toestato
2024-07-04,Backula
2024-07-04,"Bear Ear, Michelobes"
2024-07-04,Brain Wilson
2024-07-04,Cheek Corea
2024-07-04,Clarinetist's Issues
2024-07-04,Hamburger Buns
2024-07-04,Hotnog Paddling
2024-07-04,Mud Cuddles
2024-07-04,Scott Backula
2024-07-04,Sprinting Press
2024-07-04,"Tellyvisions, Savallas Syndrome"
2024-07-04,Throatimundi
2024-07-04,Titotoes
2024-07-04,Toestitos
2024-07-04,Tooth Delay
2024-06-27,A Boutface
2024-06-27,Aside Kick
2024-06-27,Chrysanthemumps
2024-06-27,Dermous Presley
2024-06-27,Eager Fever
2024-06-27,Face In The Hole
2024-06-27,Face Ventura
2024-06-27,Fist Responders
2024-06-27,Flu Manchu
2024-06-27,Lady Saliva
2024-06-27,Limp Fistedness
2024-06-27,Mild Thing
2024-06-27,Pinkening of the Face
2024-06-27,Quaker Throats
2024-06-27,Warts and Crafts
2024-06-20,Ankle Rose
2024-06-20,Beef Richards
2024-06-20,Dipsy Doodle
2024-06-20,Dotted Eyes
2024-06-20,Drinkbone
2024-06-20,Footbeer
2024-06-20,Forever Tongue
2024-06-20,IntestFun (fun intestin)
2024-06-20,Itchin Camaros
2024-06-20,Nose of San Antone
2024-06-20,Nursing Wounds
2024-06-20,Pancake Flatus
2024-06-20,Roman Ears
2024-06-20,Roman Eyes
2024-06-20,Smokebone
2024-06-20,Toenado
2024-06-13,Bicepsuality
2024-06-13,Buttox
2024-06-13,Chimney Flu
2024-06-13,Clothes Anger
2024-06-13,Comon Curtsy
2024-06-13,Itch Miller
2024-06-13,Lobes Pierre
2024-06-13,Passive Fist
2024-06-13,Peach Spit
2024-06-13,Robert Molars
2024-06-13,Shin-Chin Cheree
2024-06-13,Unwanted Daintiness
2024-06-13,Waltz Disney
2024-06-06,Fanny Leibowitz
2024-06-06,Fudge Not Lest Thee Be Fudged
2024-06-06,Jayrunning
2024-06-06,Laughterbirth
2024-06-06,Leg Pits
2024-06-06,Olde Tyme Real Itchin (religious mosquite bites)
2024-06-06,Promised Gland
2024-06-06,Scrambled Legs
2024-06-06,Tennis Balls
2024-06-06,Toenado
2024-06-06,Vision Poles
2024-06-06,Weeping Lizards
2024-05-30,All In Veins
2024-05-30,Beano Problems
2024-05-30,Belly High
2024-05-30,Bone Appetite
2024-05-30,Bored Walking
2024-05-30,Mousy Tongue (Mao Tse-Tung)
2024-05-30,Muscle Stovers
2024-05-30,Naked Tooth
2024-05-30,Nervous Presley
2024-05-30,Patella Salad
2024-05-30,Pepperidge Arm
2024-05-30,Shortness of Death
2024-05-30,Weatherveins
2024-05-23,Baby Rabies
2024-05-23,Barn Swallowing
2024-05-23,Diatomaceous birth
2024-05-23,Foot of all Evil
2024-05-23,fudge metal
2024-05-23,Gardener's Gas
2024-05-23,Ginger Arthritis
2024-05-23,Laughterbirth
2024-05-23,Stiff gums
2024-05-23,Subdi vision
2024-05-23,Tall Bunions
2024-05-23,Tastebaskets
2024-05-23,Unhelpful Hand
2024-05-23,You Gotta Be Kidney
2024-05-16,Avon Colon
2024-05-16,Croupe de Ville
2024-05-16,Foot Balls
2024-05-16,Gillespies (dizzyness)
2024-05-16,Les Paulsy
2024-05-16,Loitering goider
2024-05-16,Medium Pox
2024-05-16,Nostrildamus
2024-05-16,Polar Beer
2024-05-16,Sadnoids
2024-05-16,Scalpo
2024-05-16,Teeth Carradine
2024-05-09,Adam's apple dumpling gang
2024-05-09,Barfnay Parties
2024-05-09,Belly Visions
2024-05-09,Bowler's Rash
2024-05-09,Coffee coughs
2024-05-09,Glottis Redding
2024-05-09,Judy Clench
2024-05-09,Lipsilanti
2024-05-09,Mumps Sons
2024-05-09,Notty Spine
2024-05-09,Pain Customers
2024-05-09,Radio visions
2024-05-09,Vision Impossible
2024-05-02,Arch Enemas
2024-05-02,Bleeding Sheep
2024-05-02,Cow Mood
2024-05-02,Crimen Knee
2024-05-02,Epipha Knee
2024-05-02,Fudge Wapner
2024-05-02,Leg End (you'd be a legend)
2024-05-02,Miracle Whiplash
2024-05-02,Mistle Toe
2024-05-02,Pasture Bedtime (Pastor Bedtime?)
2024-05-02,Remps Socket
2024-05-02,Sidney Kones (reverse kidney stones)
2024-05-02,Yasgur's Arm
2024-04-25,Amateur Lapsed Colon (vs pro-lapsed)
2024-04-25,Bruise Springsteen
2024-04-25,Fudge Dredd
2024-04-25,Hearing Gain
2024-04-25,Itch Miller
2024-04-25,Lard Sales
2024-04-25,Leg Fu Yung
2024-04-25,Lumbar Yard
2024-04-25,Pimplestiltskin
2024-04-25,Root beer bloat
2024-04-25,Swiss Oven
2024-04-25,Thigh Hopes
2024-04-18,Arm cherries (from setting too much)
2024-04-18,Bad Mitten Elbow
2024-04-18,Bass vision
2024-04-18,Bored Whiff
2024-04-18,Corn Crib Rib
2024-04-18,Footstool
2024-04-18,Gaslighting (from eating beans)
2024-04-18,Horny Toed
2024-04-18,Mock smell
2024-04-18,Pop Artery
2024-04-18,Rung Tongue (from licking ladders)
2024-04-18,Soundbites (noise when you chew)
2024-04-11,Ankle Rotary
2024-04-11,Arch Itch
2024-04-11,Armpit and the Pendulum
2024-04-11,Black Eyed Pee
2024-04-11,Bunion Rings
2024-04-11,Burp Reynolds
2024-04-11,Clorets Syndrome
2024-04-11,Fudge Wapner
2024-04-11,Heel on Earth
2024-04-11,Lapapples
2024-04-11,Living Heel
2024-04-11,Napericots
2024-04-11,Raquel Belch
2024-04-11,Scabdomen
2024-04-11,Smelly Button
2024-04-11,Twenty third Palm
2024-04-04,Fangnails
2024-04-04,Hearing Gain
2024-04-04,Infinite Chest
2024-04-04,"Intestine 1,2,3"
2024-04-04,Mammoria
2024-04-04,Marshall Farts
2024-04-04,Mist Ache
2024-04-04,Poleworker's Gas
2024-04-04,Raby Fat
2024-04-04,Rocket Paunch
2024-04-04,Smell Tormé
2024-04-04,Yousels (vs Measels)
2024-01-04,Head Sullivan
2024-01-04,Be Hair Now
2024-01-04,Socket Pool
2024-01-04,Grouper Cheeks
2024-01-04,Mastoid of Puppets
2024-01-04,Napoleonic Tendencies
2024-01-04,Tail Bonaparte
2024-01-04,Undescended Clavicle
2024-01-04,Shoulder Women
2024-01-04,Mississippi Deltoid
2024-01-04,Ribso Facto
2024-01-04,Lunging Lung
2024-01-04,Spare Trachya
2024-01-11,Shoulder Colorado
2024-01-11,Elbow Syfuss
2024-01-11,Mud Cuddling
2024-01-11,Chimney Flu
2024-01-11,Flatus and Topeca
2024-01-11,Santa Fe Grandma's Gas
2024-01-11,Dutch Lovin
2024-01-11,Basketbaldness
2024-01-11,The Walks (vs runs)
2024-01-11,Jaw Gratin (potato jaw)
2024-01-11,Coughenheimer
2024-01-11,Phlegmings (spitting off cliffs)
2024-01-18,Allergic Abstraction
2024-01-18,Vocal Pollocks
2024-01-18,Skinnybriation
2024-01-18,Mud Lap
2024-01-18,Knuckle Downy
2024-01-18,Kickstartling
2024-01-18,Unusual displays of Tonsil strength
2024-01-18,Cigarette Butt
2024-01-18,Pepperidge Arm
2024-01-18,Much Needed Wrist
2024-01-18,Navel Knievel
2024-01-18,Eye Brownies
2024-01-25,Bone Appetite
2024-01-25,Mountain Ear
2024-01-25,Hopalung Cassidy
2024-01-25,Yeast Ejection
2024-01-25,Chapped Lipizzaner
2024-01-25,Knee Jerk Attraction
2024-01-25,Leg Louganis
2024-01-25,Jowl Movements
2024-01-25,Pelvis Costello
2024-01-25,Alopecia Zadora
2024-01-25,Campho Physique
2024-02-01,Horibraes (horizontal vertebraes)
2024-02-01,Spine Barrens
2024-02-01,Oedipus Necks
2024-02-01,Glass Bottom Butt
2024-02-01,Les Paulsy
2024-02-01,Night Studs (worse than night mares)
2024-02-01,Beach Bowel
2024-02-01,Conniption Fats
2024-02-01,Frankenstains
2024-02-01,Hard of Herring
2024-02-01,Fudge Wapner
2024-02-01,Aqua Pants
2024-02-08,Flummoxed Stomach
2024-02-08,Egotestical
2024-02-08,Isaac Spasimovs
2024-02-08,Happy Outbursts
2024-02-08,Mensacurity (worried about being too smart)
2024-02-08,Peeping Mom
2024-02-08,Teeth Richards
2024-02-08,Loretta Sweat
2024-02-08,Maybe Fat
2024-02-08,Rin Chin Chin (dog chin)
2024-02-08,Tonsil Bluffs
2024-02-08,Monsterpation (when you're really constipated)
2024-02-15,Eye Claudius
2024-02-15,Roman Eyes
2024-02-15,Eternal Emissions
2024-02-15,Fear of Breath
2024-02-15,Cheek Leak
2024-02-15,Tooth Serum
2024-02-15,Old College Tie
2024-02-15,Kneemo (undersea knee)
2024-02-15,Walky Nose
2024-02-15,Burst of Spode
2024-02-22,Count Fistula
2024-02-22,Paranoid Contusions
2024-02-22,Lipsilanti
2024-02-22,Faeces Pieces
2024-02-22,You Gotta Be Kidney
2024-02-22,Shaving Souls
2024-02-22,False Stops
2024-02-22,Armpets
2024-02-22,Weight up
2024-02-22,Gaspirin
2024-02-22,Grizzly Beard
2024-02-22,Brad Beath
2024-02-29,Red Blood Sales
2024-02-29,Happy Inbursts
2024-02-29,Polka Thoughts
2024-02-29,Hate Handles
2024-02-29,Herbally Abusive
2024-02-29,Felix Hunger
2024-02-29,Avon Colon
2024-02-29,Toremato
2024-02-29,Mousy Tongue (Mao Tse-Tung)
2024-02-29,Dunn's Fever
2024-02-29,Thumb disease
2024-02-29,Neck Can Car
2024-03-07,Underaged Blinking
2024-03-07,Difficulty Wallowing
2024-03-07,Nunstoe
2024-03-07,Musket Tears
2024-03-07,Aluminium Sliding
2024-03-07,Halley's Vomit
2024-03-07,Laughterthoughts
2024-03-07,Face Ventura
2024-03-07,Billy Ray Virus
2024-03-07,Molar Bears
2024-03-07,Pantscreas
2024-03-07,Superbowel
2024-03-14,Marathon show with Matt Warwick. No symptoms mentioned
2024-03-21,Barn Swallowing
2024-03-21,Manspraining
2024-03-21,Thor Throat (Hammer throat)
2024-03-21,Weak Cheeks
2024-03-21,Tink Pinkle
2024-03-21,Mountain Goatie
2024-03-21,Short Runs
2024-03-21,Long Buns
2024-03-21,Dotted Eyes
2024-03-21,Sharpus (vs Flatus)
2024-03-21,Athlete's Fart
2024-03-21,Step blatter
2024-03-21,Flabdomen
2024-03-28,Jethro Skull
2024-03-28,My Sweet Lard
2024-03-28,Arm Adillo
2024-03-28,Scrambled Legs
2024-03-28,Pelvis Costello
2024-03-28,Egg Nogging
2024-03-28,Naughty Spine
2024-03-28,Land Mind
2024-03-28,Funky Cold Medulla
2024-03-28,Liverace
2024-03-28,Golf Bowel
2024-03-28,Donkey Xote
2017-04-11,First ever Wavelengths. No symptoms mentioned
2023-12-28,EFD fills in
2023-12-21,Ankle Rotary
2023-12-21,Robert Molars
2023-12-21,Foot Balls
2023-12-21,Madame Ovary
2023-12-21,Bangsiety (worried about bang length)
2023-12-21,Stool chest
2023-12-21,Wally Coccyx
2023-12-21,Culture Club Foot
2023-12-21,Triceptuality
2023-12-21,Stirrup Controversy
2023-12-21,Glottis Spray
2023-12-21,Duderostomy (caused by extreme religiosity)
2023-12-21,Excess Legpit Hair
2023-12-21,Horibraes (horizontal vertebraes)
2023-12-21,Posterior Motives
2023-12-14,Gland Ho
2023-12-14,Punxsutaw Knee
2023-12-14,Solidarnose (Polish Nose)
2023-12-14,Ruddy Nose
2023-12-14,Hapcalves
2023-12-14,Nuns' Habits
2023-12-14,Golfer's Cough
2023-12-14,Tom Wisecough
2023-12-14,Lobes Pierre
2023-12-14,Unwanted Daintiness
2023-12-14,Silly Pity
2023-12-14,Dishpan Feet
2023-12-14,Medium Prayer
2023-12-14,Piper Nubs
2023-01-05,Beef Tip
2023-01-05,Pant Colonies
2023-01-05,Night Crotchman
2023-01-05,Funk Chin
2023-01-05,Chestnuts
2023-01-05,Tonsil Adams
2023-01-05,Limp Corner
2023-01-05,Gland Lubber
2023-01-05,Irish Pince Hitter
2023-01-05,Creep Apnea
2022-01-06,Dutch Flush
2022-01-06,False Release
2022-01-06,Hangman's jitters
2022-01-06,Bad Mittens
2021-01-07,Minister's Mound
2021-01-07,General Itch
2021-01-07,Jowl Hardening
2021-01-07,Blonde Tonsil
2020-01-02,Unusual Toe Growth
2020-01-02,Posterior Swelling
2020-01-02,24 Hour Mumps
2020-01-02,Halitosinations
2019-01-03,Cramps in Lower Extremities
2018-01-04,No symptoms mentioned
2018-12-20,Palpitations
2018-12-20,Hives
2018-12-20,Vapors
2018-12-20,Piles
2018-12-20,Pinkening of the extremities
2018-12-27,Cramps
2018-12-27,Gas (with soundboard effect)
2022-02-24,Jim the Poet fills in
2023-12-07,Fall Bunions
2023-12-07,Great Bodily Arm
2023-12-07,Lice Krispies
2023-12-07,Finger Stevens
2023-12-07,Funk Chin
2023-12-07,Saliva Minelli
2023-12-07,Whipped Dreams
2023-12-07,Trombone Density
2023-12-07,Canal Fixation
2023-12-07,Arnold Palm
2023-12-07,Golfer's Gas
2023-12-07,Armpit and the Pendulum
2023-11-30,Loitering Goiter
2023-11-30,Inflamed Coinus
2023-11-30,Mucus Lamebrains
2023-11-30,Trillo Bites
2023-11-30,Toad Stools
2023-11-30,Long Runs
2023-11-30,Unusual Bleating
2023-11-30,Trombone Loss
2023-11-30,Scarborough Fear
2023-11-30,Snored Adjourned
2023-11-30,Les Paulsy
2023-11-30,Dream Filling
2023-11-23,Arianna Stuffington
2023-11-23,Yousels (vs Measels)
2023-11-23,Pilgrim's Gas
2023-11-23,Pumpkin Pyles
2023-11-23,Casserole Playing
2023-11-23,Cranberry Enema
2023-11-23,Dishpan Glands
2023-11-23,Corn Malaise
2023-11-23,Cramp Suzette
2023-11-23,Relative Silence
2023-11-23,Ears Winging
2023-11-23,Incessant Wine (maybe drink water)
2023-11-23,Liquor Ish Feeling
2023-11-16,Pulcers
2023-11-16,Squalorbone
2023-11-16,Martin Van Urine
2023-11-16,Spleen Cuisine
2023-11-16,Thighlids
2023-11-16,Sickopants
2023-11-16,Laughtertaste
2023-11-16,Chafe Goldblum
2023-11-16,Armpittens
2023-11-16,Nostral Takeover
2023-11-16,Kansas City Cheeks
2023-11-16,Assisted Diving
2023-11-16,Drunk Diving
2023-11-16,Merchant Diving
2023-11-09,Jervous Tension
2023-11-09,Elbow Jerk Reaction
2023-11-09,Male Pattern Shyness
2023-11-09,Golfer's Gas
2023-11-09,Arlene Gasanka
2023-11-09,Freedom Boredom
2023-11-09,Igloo Syndrome
2023-11-09,Smirk Douglas
2023-11-09,Funny Nose
2023-11-09,Coughing Squeezing
2023-11-09,Sailor's Problems
2023-11-09,Happy Lack
2023-11-02,Baby Sherman
2023-11-02,Tearache
2023-11-02,Knee Frititi
2023-11-02,Sigharrhea (endless sighing)
2023-11-02,Cryarrhea (endless crying)
2023-11-02,Banana Cream Piearrhea
2023-11-02,Teeth Moon
2023-11-02,Might as well Mumps
2023-11-02,Seizure Trail
2023-11-02,Crazy Gland Jive
2023-11-02,Muscle Stovers
2023-11-02,Posterior Latex Tonguintine
2023-11-02,Flu Ferrigno
2023-11-02,Flu Diamond Phillips
2023-11-02,Flu Grant
2023-11-02,Flu Christie
2023-11-02,Flu Rawls
2023-11-02,Flucifer
2023-10-26,Broken Gaze (vs Fixed Gaze)
2023-10-26,Hallabut (from too much bread)
2023-10-26,Burp Convy
2023-10-26,Jumping Jills
2023-10-26,Pimpleton
2023-10-26,Chicken Genders
2023-10-26,Tug Of Wart
2023-10-26,Tink Pinkle
2023-10-26,Ponderosa Spine
2023-10-26,Upchuck Woolery
2023-10-26,Rage Spots
2023-10-19,Chrysanthemumps
2023-10-19,Praise Jaw
2023-10-19,Shin Hair O'Connor
2023-10-19,Saliva Minelli
2023-10-19,Tonsil and Gretel
2023-10-19,Lufthonsils (German Tonsillitis)
2023-10-19,Gabdomen (the talking stomach)
2023-10-19,Abraham Blinking
2023-10-19,Phlegmboyancy
2023-10-19,Tendon Cattle
2023-10-19,Electric Heel
2023-10-19,Terror Wrist
2023-10-19,Knock Knock Choke
2023-10-12,Ear Apparent
2023-10-12,Billy Ray Virus
2023-10-12,Footstool
2023-10-12,Itchygumi
2023-10-12,Lust in the wind
2023-10-12,Golden Drool
2023-10-12,Why Aorta
2023-10-12,Sinus Pauling
2023-10-12,Napplause (when you clap in your sleep)
2023-10-12,Stained Ankle
2023-10-12,Fart Attack
2023-10-12,Go Toilet On The Mountain
2023-10-05,Violated Pupils
2023-10-05,Illicit Socks
2023-10-05,Tooth Delay
2023-10-05,Tall Bunions
2023-10-05,Glottis Reading
2023-10-05,Robert Molars
2023-10-05,Fingerprance
2023-10-05,Lalo Shivering
2023-10-05,Eager Fever
2023-10-05,Lard's Prayer
2023-10-05,Renal Colony
2023-10-05,Pantscreas
2023-09-28,EFD fills in
2023-09-21,Mud Cuddles
2023-09-21,Colon Apathy
2023-09-21,Polar Beard
2023-09-21,Forever Lung
2023-09-21,Lice Cubes
2023-09-21,Unit Shifting
2023-09-21,Peggy Phlegming
2023-09-21,George Mucus
2023-09-21,Polish Nauseage
2023-09-21,Solid Plumber
2023-09-21,Barn Scowl
2023-09-21,Easy Bake Lovin
2023-09-14,Mud Cuddles
2023-09-14,Madam's Apple
2023-09-14,Walka-Seltzer
2023-09-14,Wart Gallery
2023-09-14,BB Gums
2023-09-14,Fraid of Stairs
2023-09-14,Common Cult
2023-09-14,Neru Cholera
2023-09-14,Casketball
2023-09-14,Wormageddon
2023-09-14,Tummy Lasorda
2023-09-14,Taxi Scabs
2023-09-07,Nostrildamus
2023-09-07,Grape Nuts
2023-09-07,Harehip
2023-09-07,Oxydol Problems
2023-09-07,Kedsores (from wearing keds shoes)
2023-09-07,Teeth Jerky
2023-09-07,Rib Eyes
2023-09-07,Nicolas Rib Cage
2023-09-07,Adam's Lib
2023-09-07,Women's Rib
2023-08-31,Teethsy Zipper
2023-08-31,Unhelpful Hand
2023-08-31,Stomach Jagger
2023-08-31,Teeth Richards
2023-08-31,Florist's Gas
2023-08-31,Jawtism
2023-08-31,Alligoiter
2023-08-31,Elbow Diddley
2023-08-31,Eydie Gourmet
2023-08-31,Walky Nose
2023-08-24,Waltz Disney
2023-08-24,Nose Mutantes
2023-08-24,Tooth Delay
2023-08-24,Youth Decay
2023-08-24,Fifty Scents (and is one of them pine?)
2023-08-24,Bunker Sores
2023-08-24,Leg Brady
2023-08-24,Average Leverage
2023-08-24,Leave It To Beverage
2023-08-24,Chump Changes
2023-08-24,Red Hearing
2023-08-17,Hollywood Bowel
2023-08-17,Peach Spit
2023-08-17,Compulsive Skipping
2023-08-17,Face Ventura
2023-08-17,Fist Watch
2023-08-17,Truckbuncles (vs carbuncles)
2023-08-17,Musky Toes
2023-08-17,Sod Complex
2023-08-17,Wife Jeans
2023-08-17,Flabnormalising
2023-08-17,Aracne (spider pimples)
2023-08-10,Bible Bib
2023-08-10,Loud Bangs
2023-08-10,Barn Swallowing
2023-08-10,Yawn Ornaments
2023-08-10,Dad Gums
2023-08-10,Laughtertaste
2023-08-10,Jello Gas
2023-08-10,Diet Earp
2023-08-10,Drooling Banjo
2023-08-10,Tom Laundry
2023-08-10,Gone Dental
2023-08-10,Orthodox Jaw
2026-08-06,Flab Reports
2026-08-06,Westminster Crabby
2026-08-06,Face Second
2026-08-06,Leg Fu Yung
2026-08-06,Laughterbirth
2026-08-06,Bone on the Fourth of July
2026-08-06,Chin Chimney
2026-08-06,Lung Frankenstein
2026-08-06,Rand Palsy
2026-08-06,Santa Foot (toe ho ho)
2026-08-06,Well Deserved Breast
2026-08-06,Grocey Snore
2026-08-06,Wince Vaughn
2023-08-03,Eyearrhea
2023-08-03,Napoleon's Elbow (Elbonaparte)
2023-08-03,Manga Knees
2023-08-03,Phalange Dickinson
2023-08-03,Bills Toupé
2023-08-03,Eye Brownies
2023-08-03,Olive Boil
2023-08-03,Nostral Projection
2023-08-03,Flaccid Reflux
2023-08-03,Adnoid Delusions
2023-07-27,Vanilla Eyes
2023-07-27,Nose Moking
2023-07-27,Wally Coccyx
2023-07-27,Neck Can Car
2023-07-27,Dentist Elbow
2023-07-27,Fresh Hair
2023-07-27,Jaw Love
2023-07-27,Non-Basketball-Related Dribbling
2023-07-27,Rudyard Sibling
2023-07-27,Armpit and the Pendulum
2023-07-20,Quaker Throats
2023-07-20,Shoulder Women
2023-07-20,Bladderall Problems
2023-07-20,Modern Artery
2023-07-20,Hot Pinky
2023-07-20,Cow Mood
2023-07-20,Clothes Anger
2023-07-20,Fear of Breath
2023-07-20,Tissue Issues
2023-07-20,Church Gut
2023-07-13,Queef Jerky
2023-07-13,Lettuce Head
2023-07-13,Grundle Flies
2023-07-13,You Gotta Be Kidney
2023-07-13,Basket Balls
2023-07-13,Incellulite
2023-07-13,Collarboner
2023-07-13,Jethro Skull
2023-07-13,Stink Panther
2023-07-13,Teeth Partridge
2023-07-13,Lump Thumb
2023-07-06,Assphalt
2023-07-06,Posterior Motives
2023-07-06,Buttering Ram
2023-07-06,Molar Opposites
2023-07-06,Great Horned Bowel
2023-07-06,Seward Follicles
2023-07-06,Hand Dunes
2023-07-06,Pit Rabbits (underarm hares)
2023-07-06,Vertebrains
2023-07-06,Endangered Faeces
2023-06-29,Vanilla Eyes
2023-06-29,Jawmen (praying jaw)
2023-06-29,Wristmas (celebration of the birth of your wrists)
2023-06-29,Sternum & Bailey's (circus chest)
2023-06-29,Persistent Scoff
2023-06-29,Solidarnose (Polish Nose)
2023-06-29,Spineapples
2023-06-29,Elbow Peep
2023-06-29,Bass Turd (too much fish)
2023-06-29,Toto Toe (too much Wizard of Oz)
2023-06-22,Face Ventura
2023-06-22,Tattupelo (when our tattoos all start to look like Elvis)
2023-06-22,Canal Fixation
2023-06-22,Lipples
2023-06-22,Threehead (just short of a forehead)
2023-06-22,Lard Almighty
2023-06-22,Barn Swallowing
2023-06-22,Tainted Glove
2023-06-22,Tonsil Adams
2023-06-22,Toenado
2023-06-15,Pantymimes
2023-06-15,Triceptuality
2023-06-15,Tromboner
2023-06-15,Air Obduststinkchin (when you have food in the beard)
2023-06-15,Air Obduststinkshin (when you have high sock odor)
2023-06-15,Elbow Bice
2023-06-15,Eve's Apple
2023-06-15,Elderberries
2023-06-15,Corneated Discs
2023-06-15,Basketbowel
2023-06-15,Gland of Opportunity
2023-06-08,Thighballs
2023-06-08,Dinglebells
2023-06-08,Head Sullivan
2023-06-08,Being Baghair
2023-06-08,Ring Around The Cholera
2023-06-08,Waiting Womb
2023-06-08,Gums Control Issues
2023-06-08,High Gurdles
2023-06-08,Johnson Wax
2023-06-08,Lunging Lung
2023-06-08,Taras Vulva
2023-06-01,Legs Benedict
2023-06-01,Murine Cores
2023-06-01,Front Burns (moved in from the sides)
2023-06-01,Authoritis
2023-06-01,Nostralia (it smells down-under)
2023-06-01,Scabdomen
2023-06-01,Hootbowel
2023-06-01,Faeces Pieces
2023-06-01,Herring Loss
2023-06-01,Salibrating (happy spitting)
2023-05-25,Teaneck
2023-05-25,Pawsterior (dog butt)
2023-05-25,Goofballs
2023-05-25,Spinecones
2023-05-25,Penisn't
2023-05-25,Rocky Mountain Thigh
2023-05-25,Triodenum
2023-05-25,Liveraces (Italian liver aches)
2023-05-25,Tube Boob
2023-05-18,Corrosion of Enormity
2023-05-18,Mole Mukasa
2023-05-18,Cellfoam
2023-05-18,Stealers Heel
2023-05-18,Venn Diaphragm
2023-05-18,Lumber Loss
2023-05-18,Sax Granding
2023-05-18,French Scalps
2023-05-18,Serious Putty
2023-05-18,Lobes Pierre
2023-05-11,Pant Colonies
2023-05-11,Wally Coccyx
2023-05-11,Dry Dreams
2023-05-11,Thumbilical Cord
2023-05-11,Thirdball
2023-05-11,False Canadianism
2023-05-11,Dutch Lovin
2023-05-11,Eyelidiosyncrasies
2023-05-11,Men's Womb
2023-05-11,Semen and Garfunkel
2023-05-11,Navelbodied Seaman
2023-05-11,Need Womb Service
2023-05-04,Tube Job
2023-05-04,Wrist Tiredness (always want to pull over to a Wrist Area)
2023-05-04,Prayer Knee
2023-05-04,Lump Ropes
2023-05-04,Little House on the Prayer Knee
2023-05-04,Gland of the Free
2023-05-04,Toestato
2023-05-04,Lubrican
2023-05-04,Dilly Fixations
2023-05-04,Turd Calls
2023-05-04,Anus Moses
2023-05-04,Nicolas Rib Cage
2023-04-27,Golf Cartilage
2023-04-27,Basket Balls
2023-04-27,Elder Fat
2023-04-27,Gaultier Goiter
2023-04-27,Robert Molars
2023-04-27,Napericots
2023-04-27,Madam's Apple
2023-04-27,Triceptuality
2023-04-27,Wed Betting (bet on who's getting married)
2023-04-27,Fear of Breath
2023-04-20,Cep (when you don't have biceps)
2023-04-20,Navelbodied Seaman
2023-04-20,Denum (no duodenum just the one)
2023-04-20,Fanny Hall
2023-04-20,Molden Arches
2023-04-20,Renal Colony
2023-04-20,Dutch Lovin
2023-04-20,Furnitchure (when you itch your furn)
2023-04-20,Swollen Stream
2023-04-20,Fartisanal Ideas
2023-04-20,Toker's Knuckle
2023-04-13,Athlete's Hand
2023-04-13,Taras Vulva
2023-04-13,Spit and the Pendulum
2023-04-13,Naughty Spine
2023-04-13,Canal Fixation
2023-04-13,Hopscrotch
2023-04-13,Premature Beijing
2023-04-13,Dabbling in the Jockcult (practicing witchcraft in an athletic supporter)
2023-04-13,Hulger Cronckite
2023-04-13,Art Gas
2023-04-13,Prolonged Ouchlesness
2023-04-06,Todd-O-Phonic Todd fills in
2023-03-30,Evacucation
2023-03-30,Watermellon Mind
2023-03-30,Pallbear Midriff
2023-03-30,Eighth Hole
2023-03-30,Rheumatic Femur
2023-03-30,Winnieing Pooh
2023-03-30,Fly Detector
2023-03-30,Rit Dyerrhea
2023-03-30,Antiblatter
2023-03-23,Squirrely Temples
2023-03-23,Socket Pool
2023-03-23,Dockworkers' Kneed
2023-03-23,Craccidents
2023-03-23,Toe Biden
2023-03-23,Collarboner
2023-03-23,Lawnmolar
2023-03-23,Church Gas
2023-03-23,Testicakes
2023-03-23,Poop De Loop
2023-03-16,Pud Muddles
2023-03-16,Eye Brownies
2023-03-16,Flatus Knight
2023-03-16,Breeders' Lips
2023-03-16,Bone Appetite
2023-03-16,Fudge Wapner
2023-03-16,Dragnuts
2023-03-16,Lidmarks (when you cry into your underwear)
2023-03-09,Marathon Week
2023-03-02,Bicepsuality
2023-03-02,Bald Fecal (The National Turd)
2023-03-02,Pork Shoulder
2023-03-02,Stopnads (vs gonads)
2023-03-02,Billy The Kidney
2023-03-02,Skintucky
2023-03-02,Night Lives Bladder
2023-03-02,Lunguanteen
2023-03-02,Why Aorta
2023-03-02,Fart Linklater
2023-03-02,Wise Old Bowel
2023-02-23,Youth Ache
2023-02-23,Date Palms
2023-02-23,Athlete's Hand
2023-02-23,Senior Mints
2023-02-23,Stiff Lower Lip
2023-02-23,Stolen Erection
2023-02-23,Hurrayness
2023-02-23,Oily Bird
2023-02-23,Hot Pinky
2023-02-23,Spine Rand
2023-02-16,Howard Sternum
2023-02-16,Waddle Canal
2023-02-16,Flame Retardation
2023-02-16,Sad Tug
2023-02-16,Superbowel
2023-02-16,Prostator Tots
2023-02-16,Chimney Flu
2023-02-16,London Colon
2023-02-16,Poop Tarts
2023-02-16,Scrambled Legs
2023-02-09,Cosa Nostral
2023-02-09,Neck Can Car
2023-02-09,Fudge Not (Lest You Be Fugded)
2023-02-09,Posterior Motives
2023-02-09,Madame Ovary
2023-02-09,Shelley Lung
2023-02-09,Bald Fecal (The National Turd)
2023-02-09,Arch Enemas
2023-02-02,Leg Pits
2023-02-02,Chin Ho
2023-02-02,Testicicles
2023-02-02,Hard Liver
2023-02-02,Bunkola
2023-02-02,Muscle Stovers
2023-02-02,Funny Finger
2023-02-02,Cleft Pilot
2023-01-26,Dump Rope
2023-01-26,Earwax Lips
2023-01-26,Tooth Delay
2023-01-26,Hunger Bangs
2023-01-26,Pianist Envy
2023-01-26,Yourgraine (vs migraine)
2023-01-26,Wantana Marrow
2023-01-26,Wrist Stops
2023-01-26,Tibia Tongue
2023-01-26,Saxmania
2023-01-19,Pressing Eye Matters
2023-01-19,Dishpan Glands
2023-01-19,Indian Liver
2023-01-19,Wastebuds
2023-01-19,Casketball
2023-01-19,Stool On The Hill
2023-01-19,Hosana Rash
2023-01-19,Ifs ands or buttocks
2023-01-12,False Goiter
2023-01-12,Palment Balm
2023-01-12,Manspleening
2023-01-12,Eagle Sores
2023-01-12,Jokebutt
2023-01-12,Golden Calve
2023-01-12,Lapapples
2023-01-12,Disney Spells
2022-12-29,Michael Shelly fills in
2022-12-22,EFD fills in
2022-12-15,Unhappy Glow
2022-12-15,Unprovoked Flinching
2022-12-15,Yeast Mode
2022-12-15,Peeing Spots
2022-12-15,Crack Spasms
2022-12-15,Gorged Flute
2022-12-15,Dinglebells
2022-12-15,Wart Installation
2022-12-08,Unwanted Stamina
2022-12-08,Stamina Enema
2022-12-08,Bowling Bowel
2022-12-08,Micro Leg
2022-12-08,Butch Dub
2022-12-08,Legs Benedict
2022-12-08,Gland On The Run
2022-12-08,Rocky Mountain Thigh
2022-12-08,Crotch and Soda
2022-12-08,Sleigh Balls
2022-12-01,Sinus Pauling
2022-12-01,Foul Balls
2022-12-01,Worm Limits
2022-12-01,Frito Breath
2022-12-01,Urge To Crawl
2022-12-01,Finger Hut
2022-12-01,Butt Nothing
2022-12-01,Motor Funk Chin
2022-12-01,Wailers' Angst
2022-12-01,Diaper Tampering
2022-12-01,Dog Gut
2022-11-24,Stupod
2022-11-24,Fisting Ball
2022-11-24,Butt Hologram
2022-11-24,Slow Tootsie
2022-11-24,Cheekboner
2022-11-24,Hard Cornet
2022-11-24,Cow Sheets
2022-11-24,Bird Bowels
2022-11-17,Turtlehead Ache
2022-11-17,Slow Boil
2022-11-17,Cracked Corn
2022-11-17,Rearlobe
2022-11-17,Fudge Dredd
2022-11-17,Gun Disease
2022-11-17,Blank Cheek
2022-11-17,Natural Gas
2022-11-17,Flautist Tendencies
2022-11-17,Dotted Eyes
2022-11-10,Braincoat
2022-11-10,Taras Vulva
2022-11-10,Honorable Mansion
2022-11-10,Rodeo Rectum
2022-11-10,Top Parts vomiting (you can't keep your Pop Tarts down)
2022-11-10,Mom Smell
2022-11-10,Partial Election
2022-11-10,Women's Rib
2022-11-10,Men's Ruminations
2022-11-03,Froth
2022-11-03,Tennis Problems
2022-11-03,Chronic Martinizing
2022-11-03,Dinglebells
2022-11-03,Fisherman's Finger
2022-11-03,Wrong Hair
2022-11-03,Short Flus
2022-11-03,Bishop's Onion
2017-04-13,Wavelengths with Rich. No symptoms mentioned
2017-04-14,Wavelengths with Delores. No symptoms mentioned
2017-04-20,Joe Belock fills in
2017-04-27,Glen Jones fills in
2017-05-02,Wavelengths with Thomas. No symptoms mentioned
2017-05-04,No Wavelengths
2017-05-05,Wavelengths with Lyle. No symptoms mentioned
2017-05-11,Matt Warwick fills in
2017-05-18,Michele fills in
2017-05-25,Joe Belock fills in
2017-06-01,Matt Warwick fills in
2017-06-06,Wavelengths with Kezo. No symptoms mentioned
2017-06-08,No Wavelengths
2017-06-09,Wavelengths with Jeff. No symptoms mentioned
2017-06-12,Wavelengths with Joe McGasko. No symptoms mentioned
2017-06-15,No Wavelengths
2017-06-16,Wavelengths with Scott Williams. No symptoms mentioned
2017-06-22,Wavelengths with Nick Name. No symptoms mentioned
2017-06-28,Wavelengths with Gary. No symptoms mentioned
2017-06-29,No Wavelengths
2017-07-03,Wavelengths with Sheila B. No symptoms mentioned
2017-07-06,Wavelengths with Hannah The Newswoman. No symptoms mentioned
2017-07-12,Wavelengths with Pseu Braun. No symptoms mentioned
2017-07-13,No Wavelengths
2018-06-28,Mumps
2018-06-28,Vapors
2018-06-28,Perspiration
2018-06-28,Tooth Ache
2018-06-28,Nosebleed
2018-06-28,Flashes of light
2018-06-28,Rubella
2018-06-28,Scarlett Fever
2018-07-05,Todd-O-Phonic Todd fills in
2018-07-12,No Wavelengths
2018-07-19,Abdominal Cramping
2018-07-19,Mumps
2018-07-19,Nosebleed
2018-07-26,Mumps
2018-07-26,Hallucinations
2018-07-26,Palpitations
2018-07-26,Sweating of the palms
2018-07-26,Hair growth on the palms
2018-08-02,Wavelengths with Buddha. No symptoms mentioned
2018-08-09,Mumps
2018-08-09,Piles
2018-08-09,Nosebleed
2018-08-09,Hair growth on the palms
2018-08-16,Palpitations
2018-08-16,Crabs
2018-08-16,Hair growth on the palms
2018-08-16,Piles
2018-08-23,Legionnaires' symptoms
2018-08-23,Phantom Limb
2018-08-23,Mumps
2018-08-30,Styes in your eyes
2018-08-30,Gassiness
2018-08-30,Shingles
2018-08-30,Lice
2018-08-30,Pinworms
2018-09-06,Nodes
2018-09-06,Itching razor bumps
2018-09-06,Croup
2018-09-13,Hair growth on the palms
2018-09-13,Palpitations
2018-09-13,Spasms
2018-09-13,(First time Clay asks the player to grunt to shoot Wavelengths)
2018-09-20,Wavelengths with Annie. No symptoms mentioned
2018-09-27,Headache
2018-09-27,Ear Bleeding
2018-09-27,Gassiness
2018-09-27,Palpitations
2018-10-04,Palpitations
2018-10-04,Headache
2018-10-04,Measels
2018-10-04,Hair Growth in unusual places
2018-10-11,Hair Growth in unusual places
2018-10-11,Nosebleed
2018-10-11,Styes in your eyes
2018-10-18,Ear Bleeding
2018-10-18,Eye Bleeding
2018-10-18,Hair Loss
2018-10-18,Cramps
2018-10-25,Pinkening of the Buttocks
2018-10-25,Loss of shin hair
2018-11-01,Palpitations
2018-11-01,Sweating
2018-11-01,Goosebumps
2018-11-01,Nosebleed
2018-11-01,Pinkening
2018-11-01,Hair Growth in unusual places
2018-11-08,Temporary blindness
2018-11-08,Hoarseness
2018-11-08,Lower Body Cramps
2018-11-08,Hallucinations
2018-11-08,(First time Clay uses 'pegging the meters')
2018-11-15,Scurvy
2018-11-15,Bleeding Gums
2018-11-15,Pinkening of the Buttocks
2018-11-22,Matt Warwick fills in
2018-11-29,Palpitations
2018-11-29,Pinkening of the Buttocks
2018-11-29,Hangnail
2018-11-29,Indigestion
2018-12-06,Dropsy
2018-12-06,Pinkening of the Buttocks
2018-12-06,Hair growth on the palms
2018-12-13,Joe Belock fills in
2019-01-10,Rashes
2019-01-10,Pinkening of the extremities
2019-01-10,Vapors
2019-01-17,False Mumps
2019-01-17,Unexplained Facial Ticks
2019-01-17,Pinkening of the extremities
2019-01-17,Dizziness
2019-01-17,Phantom Testicle
2019-01-17,Gassiness
2019-01-24,Temporary blindness
2019-01-24,Hair Loss
2019-01-31,Glottal Obstructions
2019-01-31,Unusual Lung Cramps
2019-01-31,False Arthritis
2019-01-31,Thickening of Forearm Hair
2019-02-07,False Crabs
2019-02-07,Seborrhea
2019-02-07,Itching of the lungs
2019-02-07,(Clay uses 'yangbanger' for the first time)
2019-02-07,Triple vision
2019-02-14,Pinkening
2019-02-14,Styes in your eyes
2019-02-14,Pink Eye
2019-02-14,(Clay naturally turns Pink Eye into Salmon Eye - is this the first Wavelengths Symptom)
2019-02-21,False Palpitations
2019-02-21,Unusual Tooth Growth
2019-02-21,Shortening of the Feet (normalish symptom show)
2019-02-21,Pinkening of the Buttocks
2019-02-28,False Mumps
2019-02-28,Shortness of Sleeves (arms lengthen when playing Wavelengths)
2019-03-07,Marathon Week
2019-03-14,Marathon Week
2019-03-21,Styes in your eyes
2019-03-21,Cramps in Lower Extremities
2019-03-21,Nosebleed
2019-03-28,Gassiness
2019-03-28,Tooth Loss
2019-03-28,Duodenal Flare Up
2019-03-28,Carbuncles
2019-04-04,Camp Fever
2019-04-04,Jock Itch
2019-04-04,Dropsy
2019-04-04,Dyspepsia
2019-04-11,Strange yearnings for the taste of nickels
2019-04-11,Involuntary Waltzing
2019-04-11,Self-Immolation Fantasies
2019-04-18,Earache
2019-04-18,Unusual Hair Sensitivity
2019-04-18,Dropsy
2019-04-18,Peckishness
2019-04-25,Barrel Fever Lumbago
2019-04-25,Chalkstones
2019-05-02,Croup
2019-05-02,Morgellons
2019-05-02,(Clay uses 'from way back' for the first time during Wavelengths)
2019-05-02,Gassiness
2019-05-02,Renal Retention
2019-05-02,Bloating
2019-05-09,Eye Floaters
2019-05-09,Gastric Upset
2019-05-09,Craving Mounds bars
2019-05-09,Coarsening of the Hair
2019-05-16,Renal Fixation
2019-05-16,Eyelash Loss
2019-05-16,New Itching
2019-05-16,Unwanted Poreclosures
2019-05-23,Ankle Distress
2019-05-23,Knuckle Problems
2019-05-23,Bloating
2019-05-23,Daymares
2019-05-30,Athlete's Hand
2019-05-30,Burning Philtrum
2019-05-30,Kneesweats
2019-05-30,Unusual Wheezing
2019-06-06,Jumbo-sized Pores
2019-06-06,Throat Sweat
2019-06-06,Hair Gain
2019-06-13,Shin Curl
2019-06-13,Potback (vs potbelly)
2019-06-13,Neck Fattening
2019-06-13,Thrush
2019-06-20,Advanced Itching
2019-06-27,Partial Invisibility
2019-06-27,Shaking of the Feet
2019-06-27,Involuntary Yodeling
2019-06-27,Athlete's Hand
2019-07-04,Tongue Loss
2019-07-04,Suspected Stereonucleosis (vs mononucleosis)
2019-07-04,Dry Palm
2019-07-04,False Mumps
2019-07-11,Hammertoe
2019-07-11,Tooth Gain
2019-07-11,Third Nostral
2019-07-11,Butterscotch Aversion
2019-07-18,Sudden Nits
2019-07-18,Hidden Toe
2019-07-18,Growing Pains
2019-07-18,Beefy Scalp
2019-07-25,Fireman's Dreams
2019-07-25,Inability to Breathe
2019-07-25,Leglock
2019-08-01,Tooth Gain
2019-08-01,Beard Growth
2019-08-01,Third Ankle
2019-08-08,Todd-O-Phonic Todd fills in
2019-08-15,Oversalivation
2019-08-15,False Pyles
2019-08-15,Socket Issues
2019-08-15,Third Leg
2019-08-22,Eye Bleeding
2019-08-22,Tingletoes
2019-08-29,Thrush
2019-08-29,Dropsy
2019-08-29,Bald Shin
2019-08-29,Hives
2019-08-29,Barrel Fever
2019-08-29,Polyorchidism
2019-09-05,Bung Seizure
2019-09-05,Wet Scalp
2019-09-05,Elbow Fattening
2019-09-05,Lost Desires
2019-09-12,Wadding Compulsion
2019-09-12,Heavy Back Sweating
2019-09-12,Tongue Shrinkage
2019-09-12,Tinklepinkening
2019-09-19,First Softening
2019-09-19,Hair Pain
2019-09-19,Left Arm Numbness
2019-09-26,Stubbed Finger
2019-09-26,Exhilarated Wrinkling
2019-10-03,Palm Hair Growth
2019-10-03,Pinkening of the Buttocks
2019-10-03,Facial Worsening
2019-10-03,Restless Forehead
2019-10-10,Duntsleanings
2019-10-10,Pyles
2019-10-10,Porridge Rejections
2019-10-10,Sharpulence (vs flatulence - it's the inward jet)
2019-10-17,Lip Sweating
2019-10-17,Odd Musk
2019-10-17,Tongue Burn
2019-10-17,Dark Go
2019-10-24,Bum Thrush
2019-10-24,Weak Sprout
2019-10-24,Tongue Lengthening
2019-10-24,Pinkening of the Philtrum
2019-10-31,Sudden Chafing
2019-10-31,Undue Yearnings
2019-10-31,Meat Lust
2019-10-31,Low Flutterings
2021-12-23,Todd-O-Phonic Todd fills in
2020-12-03,Todd-O-Phonic Todd fills in
2019-12-26,Scott Williams fills in
2019-11-07,Milk Dud Cravings
2019-11-07,Hard Sweats
2019-11-07,Gastric Confusion
2019-11-07,Hard Calfage
2019-11-14,Triangle Vision
2019-11-14,Hairless Shins
2019-11-14,New Glands
2019-11-14,Undue Muskiness
2019-11-21,Head Loss
2019-11-21,Mini Fugues
2019-11-21,Loss of Zest
2019-11-21,Meat Passion
2019-11-28,Pie Bloat
2019-11-28,Blubberations
2019-11-28,False Fullness
2019-11-28,Third Lip
2019-12-05,No Wavelengths
2019-12-12,Flash Lethargy
2019-12-12,Itchneed
2019-12-12,Jaw Clenching
2019-12-12,Bruxism
2019-12-12,New Hair
2019-12-12,Sudden Puss
2019-12-19,Tooth Gain
2019-12-19,Unnatural Flubber
2019-12-19,Mini Boils
2019-12-19,Fear of the Toilet
2019-12-19,Ceramic Aversion
2026-08-13,Broad Mumps
2026-08-13,Personal Growths
2026-08-13,Smirk Douglas
2026-08-13,Plastic Sturgeons
2026-08-13,Smell Tormé
2026-08-13,Ears Morgan
2026-08-13,Dermis Hopper
2026-08-13,Mobile Bone
2026-08-13,Dotted Eyes
2026-08-13,Full Frontal Lobe
2026-08-13,Cervix Animals
2026-08-13,Collagen Graduates
2020-01-09,Beef Longings
2020-01-09,Fear of Red
2020-01-09,Toecenter
2020-01-09,Gas Loss
2020-01-09,Left Arm Tingling
2020-01-16,Flab Corralling (pushing both ways on the abdomen)
2020-01-23,Old Yearnings
2020-01-23,False Pyles
2020-01-23,Eye Loss
2020-01-23,Rifling Proclivities
2020-01-30,Desire for Goat Mimicry
2020-01-30,Premature Blonding
2020-01-30,Renal Retention
2020-01-30,Shin Itch
2020-02-06,Tongue Shortening
2020-02-06,Bunching Issues
2020-02-13,Runt Aversion
2020-02-13,False Flatus
2020-02-13,Pinkening of the Buttocks
2020-02-13,Bald Notions
2020-02-13,Slow Panting
2020-02-20,Ham Fixation
2020-02-20,Microballs
2020-02-20,Heart Sweats
2020-02-27,Pinkening of the Buttocks
2020-03-05,Marathon Week
2020-03-12,Marathon Week
2020-03-19,Crotch Loss
2020-03-19,Mud Need
2020-03-26,Perch Pangs
2020-03-26,Sore Stubble
2020-04-02,Chin Stiffening
2020-04-02,Undue Ruddiness
2020-04-02,Flute Loss
2020-04-02,Blue Tinkle
2020-04-09,Cud Lust
2020-04-09,Ditch Lip
2020-04-09,Blink Retard
2020-04-09,Inconvenient Panting
2020-04-16,False Despair
2020-04-16,Third Lung
2020-04-16,Goop Cluster
2020-04-16,Ranch Chords
2020-04-23,Station Manager Ken fills in
2020-04-30,Joe Belock fills in
2020-05-07,Joe Belock fills in
2020-05-14,(Home lockdown edition with Kirsten)
2020-05-14,Pinkening of the Buttocks
2020-05-21,(Home lockdown edition with the Pidge himself)
2020-05-21,Dry Neck
2020-05-21,Tongue Shortening
2020-05-21,General Flatness
2020-05-21,Low Fat Build-up
2020-05-28,(Home lockdown edition with the Pidge himself)
2020-05-28,Shy Bunion
2020-05-28,Clustercramps
2020-05-28,Fudge Knee'd
2020-05-28,Hard Blatt
2020-06-04,(Home lockdown edition with the Pidge himself)
2020-06-04,Nougat Pangs
2020-06-04,Moist Nape
2020-06-04,Farmer's Tongue
2020-06-04,Ponche Blanche
2020-06-11,Involuntary Boot Scoot
2020-06-11,Hate Handles
2020-06-11,Dry Suds
2020-06-11,Stiff Eye
2020-06-18,Tub Chap
2020-06-18,Scalp Ballooning
2020-06-18,Face Loss
2020-06-18,Traf (backwards gas)
2020-06-25,(Home lockdown edition with the Pidge himself)
2020-06-25,Farmer's Hand
2020-06-25,Flat Lip
2020-06-25,Stud Vibe
2020-06-25,Glass Cud
2020-07-02,Funny Foot
2020-07-02,Tired Musk
2020-07-02,Damp Nape
2020-07-02,Ludlow Spasms
2020-07-09,Eep (backwards pinkling)
2020-07-09,Fireman's Itch
2020-07-09,Fanny Bone
2020-07-09,Ingrown Stye
2020-07-16,Toll Gain
2020-07-16,Unwaranted Bravado
2020-07-16,New Umbilical Remnants
2020-07-16,Intestinal Itch
2020-07-23,Night Blondeness
2020-07-23,Burning Philtrum
2020-07-23,Hard Pudge
2020-07-23,Calfballs
2020-07-30,Todd-O-Phonic Todd fills in
2020-08-06,Night Blondeness
2020-08-06,Fruited Toe
2020-08-06,Bunch Whisperings
2020-08-06,Lincoln's Mustache
2020-08-13,Todd-O-Phonic Todd fills in
2020-08-20,Smartloss
2020-08-20,Cocoa Cravings
2020-08-20,Swiss Miss Cravings
2020-08-20,Toad Face
2020-08-20,Nerd Immunity
2020-08-27,Clump
2020-08-27,Yeast Loss
2020-08-27,Fisherman's Tongue
2020-08-27,Limp Ankle
2020-09-03,(Home lockdown edition with the Pidge himself)
2020-09-03,Side Itch
2020-09-03,Flood Cough
2020-09-03,Puddle Nod
2020-09-03,Goofbumps
2020-09-10,No callers - No Wavelengths
2020-09-17,Eye Bleeds
2020-09-17,Scut Visions
2020-09-17,Shepherd's Toe
2020-09-17,Coughman's Pouch
2020-09-17,Yellow Flashes
2020-09-24,Hairless Shins
2020-09-24,Sudden Mumps
2020-10-01,Impacted Nubs
2020-10-01,Ghost Gas
2020-10-01,Tightness of Pants
2020-10-01,Bird Hatred
2020-10-08,Loud Air Loss
2020-10-08,Fisherman's Breath
2020-10-08,Blue Boils
2020-10-08,Tinkle Trauma
2020-10-15,Bubble Tub
2020-10-15,Fear of Mud
2020-10-15,Lip Loss
2020-10-15,Random Leaping
2020-10-22,Wooden Stool
2020-10-22,Athlete's Hand
2020-10-22,Shake Shingles
2020-10-22,Tinkle Crystals
2020-10-29,Tooth Gain
2020-10-29,Yathzee Pangs
2020-10-29,Low Knee
2020-10-29,Light Liddedness
2020-11-05,Punk Toe
2020-11-05,Sudden Slobbering
2020-11-05,Neck Loss
2020-11-05,Strange Movements
2020-11-12,Pork Shoulder
2020-11-12,Rump Derangement
2020-11-12,False Solids
2020-11-12,Beer Gloss
2020-11-19,Shepherd's Finger
2020-11-19,Sudden Befuddlement
2020-11-19,Day Winds
2020-11-19,False Bravado
2020-11-26,Thigh Lashes
2020-11-26,Toad Mimicry
2020-11-26,Jimmy Toes
2020-11-26,Fudge Aversion
2020-11-26,Tongue Fu
2020-12-10,Tooth Delay
2020-12-10,Hiccdowns
2020-12-10,Restless Chin
2020-12-10,Bowel Play
2020-12-17,Shortings (vs longings)
2020-12-17,Coccycal delusions
2020-12-17,Funions
2020-12-17,Sore Coat
2020-12-24,Camelfinger
2020-12-24,Unusual Pinkenings
2020-12-24,Scalpitations
2020-12-24,Body Bugs
2020-12-31,(First time Wavelengths bounce off the Statue of Liberty)
2020-12-31,Dry Thumb
2020-12-31,New Pudge
2020-12-31,Gables' Ears
2020-12-31,False Finger
2021-01-14,Sharpus (vs flatus)
2021-01-14,Blood Gain
2021-01-14,Toy Earache
2021-01-21,New Memories
2021-01-21,Light Liddedness
2021-01-21,Suddenness
2021-01-21,Dumpsy
2021-01-28,Aerosol Games
2021-01-28,Inability to Pant
2021-01-28,Squid Leg
2021-01-28,Peterson's Problem
2021-02-04,Compulsive Sprinting
2021-02-04,Rubbery Feelings
2021-02-04,Hand Flattening
2021-02-04,Nun's Tooth
2021-02-11,Sunken Bump
2021-02-11,Braised Tips
2021-02-11,Quaking
2021-02-11,Timorous Thoughts
2021-02-18,Unwanted Bath Bubbling
2021-02-18,Fear of Wood
2021-02-18,Liplard
2021-02-18,Doll Memories
2021-02-25,Fear of Pork
2021-02-25,Firearm Hair
2021-02-25,Monseigneur Moments
2021-02-25,Gender Vittles
2021-03-04,Sudden Gargling
2021-03-04,Navel Changes
2021-03-04,Pastor's Winds
2021-03-04,Nasal Sprain
2021-03-11,Marathon Week
2021-03-18,(Marathon Wavelengths with Todd-O-Phonic Todd)
2021-03-18,Wandering Finger
2021-03-18,Candy Problems
2021-03-18,Camper's Crotch
2021-03-18,Go-Kart Dreams
2021-03-25,Noon Gas
2021-03-25,Spotseeing
2021-03-25,False Canadianism
2021-03-25,Renal Fixation
2021-04-01,Farmer's Cramps
2021-04-01,Earhole Dilation
2021-04-01,Toe Meat (vs Toe Cheese)
2021-04-01,Inappropriate Wincing
2021-04-08,(Solo Wavelengths nobody called in)
2021-04-08,Sore Thingy
2021-04-08,Blanched Nostral
2021-04-08,Plumber's Pyles
2021-04-08,Sudden Slowness
2021-04-15,Toad Face
2021-04-15,Maddening Bunching
2021-04-15,Navy Rash
2021-04-15,Pale Flatness
2021-04-22,Hidden Donut Syndrome
2021-04-22,The Ludlows
2021-04-22,Fudge Dreams
2021-04-22,Rink Wound
2021-04-29,Pounch Pinkening
2021-04-29,Stamp Tongue
2021-04-29,Gardener's Grimace
2021-04-29,Secondary Primordial Oozing
2021-05-06,Lip Gain
2021-05-06,Trowel Issues
2021-05-06,Burnt Stub
2021-05-06,Palmer's Problem
2021-05-13,Raw Unnards
2021-05-13,Towel Problems
2021-05-13,Arch Itch
2021-05-13,Yeast Loss
2021-05-20,Involuntary Skipping
2021-05-20,Chartreuse Thoughts
2021-05-20,Neon Pink Thoughts
2021-05-20,Numbness of the head
2021-05-20,Fear of Fudge
2021-05-27,Coldfinger
2021-05-27,Yousels (vs Measels)
2021-05-27,Fear of Suds
2021-05-27,Crotch Loss
2021-06-03,(Solo Wavelengths - lost the caller)
2021-06-03,Padendal Pinkening
2021-06-03,Nose Silver
2021-06-03,Fisherman's Gas
2021-06-03,Tink Pinkle
2021-06-10,Heat Gas
2021-06-10,Plumber's Rash
2021-06-10,Beef Touch
2021-06-10,Miscarriage of Jaundice
2021-06-17,Fish Trail
2021-06-17,Cabby's Itch
2021-06-17,Pooch Pouch
2021-06-17,Pink Tubby
2021-06-24,Unusual Bunching
2021-06-24,Hate Handles
2021-06-24,Fisherman's Itch
2021-07-01,No callers - No Wavelengths
2021-07-08,Cordwainer's Finger
2021-07-08,Loose Towels
2021-07-08,Barbecued Rib
2021-07-08,Pleasant Styes
2021-07-15,Nostral Baldness
2021-07-15,Panting Shirt
2021-07-15,Scentless Foot
2021-07-15,False Tubbiness
2021-07-22,Boulder's Itch
2021-07-22,Excess Eyewax
2021-07-22,Laugher's Gas
2021-07-22,Flute Loss
2021-07-29,Involuntary Skipping
2021-07-29,Lard Pangs
2021-07-29,Dutch Freezer
2021-07-29,Reptile Dysfunction
2021-08-05,(Solo Wavelengths - lost the caller)
2021-08-05,Golfer's Rash
2021-08-05,Beef Chapeau
2021-08-05,Unwanted Tugging
2021-08-05,Burning Bran
2021-08-05,Hose Issues
2021-08-12,Slot Fungus
2021-08-12,Memory Gain
2021-08-12,Persimmon Craving
2021-08-12,Toad Mimicry
2021-08-12,Milk Dud Fantasies
2021-08-19,(Solo Wavelengths - lost the caller)
2021-08-19,Cub Facsimile
2021-08-19,Wrestler's Fears
2021-08-19,Tan Pudding
2021-08-19,Blanched Stub
2021-08-26,Church Gas
2021-08-26,False Pudenda
2021-08-26,Sudden Winking
2021-08-26,Downchucking
2021-09-02,Fear of Steam
2021-09-02,Urge to Fodder
2021-09-02,Sudden Fludderations
2021-09-02,Worms
2021-09-09,General Shortening
2021-09-09,Stink Pinky
2021-09-09,Collapsed Tongue
2021-09-09,Gland Lubber
2021-09-16,Jim the Poet fills in
2021-09-23,Wrestler's Bouquet
2021-09-23,Timid Slapping
2021-09-23,Turd Salivations
2021-09-23,False Roy Tanner
2021-09-30,Enlarged Hindhead
2021-09-30,Scroatmeal
2021-09-30,False Fudge
2021-09-30,Chingrown Toenails
2021-10-07,Farmer's Fist
2021-10-07,Arm Yeast
2021-10-07,Garbage Canlids
2021-10-07,Chew your gums
2021-10-14,Hotdog Hand
2021-10-14,Pinkening of the Nape
2021-10-14,Kielbasa Jaw
2021-10-14,Ludlow's Dance
2021-10-14,Grootnar
2021-10-21,Deer's Breath
2021-10-21,You Gotta Be Kidney
2021-10-21,Jockpocks
2021-10-21,Lord Flatley's Liverdance
2021-10-28,Bland Habits
2021-10-28,Manic Contusions
2021-10-28,Soft Biscuit
2021-10-28,Palmer's Palm
2021-11-04,True Eyelashes
2021-11-04,Primal Ears
2021-11-04,Shepherd's Toe
2021-11-04,Coughman's Dance
2021-11-04,Lack of Splotches
2021-11-11,Improper Fits
2021-11-11,General Sag
2021-11-11,Thin Tongue
2021-11-11,Fall Seltzer
2021-11-18,Flat Lavorus
2021-11-18,Pushed Muscles
2021-11-18,Insecticidal Thoughts
2021-11-18,Happy Jowl
2021-11-25,Turkey Tantrums
2021-11-25,Sympathetic Bloating
2021-11-25,Oyster's Gas
2021-11-25,Docfinger
2021-12-02,Unwanted Looseness
2021-12-02,Stooping Fantasies
2021-12-02,Hotelier's Gas
2021-12-02,Violent Skipping
2021-12-09,Shampoo Loss
2021-12-09,Towel Movements
2021-12-09,Tightfoot (vs Footloose)
2021-12-09,Dresser Snooping
2021-12-16,Downchucking
2021-12-16,Bumpulence (vs Flatulence)
2021-12-16,Warden's Wind
2021-12-16,Lost Friskiness
2021-12-30,Nutcracker Sweat
2021-12-30,Chance Fat
2021-12-30,Flaccid Flashbacks
2021-12-30,Constipation Constellations (you see stars when you go)
2022-01-13,Todd-O-Phonic Todd fills in
2022-01-20,Small Tent
2022-01-20,Fudge Glut
2022-01-20,Tongue Depression
2022-01-20,Jurgen's Rash
2022-01-27,Todd-O-Phonic Todd fills in
2022-02-03,Grateful Dad Syndrome
2022-02-03,Flute Gas
2022-02-03,Napwalking
2022-02-03,Chalklicking
2022-02-10,Beach Bowel
2022-02-10,Eve's Pear (vs Adam's Apple)
2022-02-10,Softening of the Arteries
2022-02-10,Toe Hairloss
2022-02-10,Lobe Cramp
2022-02-10,Duck Peeking
2022-02-17,Extra Large Sighs
2022-02-17,Blanched Thingy
2022-02-17,Stall Cancellations
2022-02-17,Lump Thumb
2022-03-03,Craftsman Cramp
2022-03-03,Potted Pants
2022-03-03,Yeast Connection
2022-03-03,Contact Thigh
2022-03-03,Boson's Breath
2022-03-03,Lard Sales
2022-03-10,(Marathon Wavelengths with Matt Warwick)
2022-03-10,Gut Flailings
2022-03-10,Elbowner
2022-03-10,Paw Knee
2022-03-10,Gland Eye Coordination Issues
2022-03-10,Palm Dates
2022-03-10,Squirt Feelings
2022-03-17,(Marathon Wavelengths with Michele with one L)
2022-03-17,Dinglebells
2022-03-17,Sleep Voguing
2022-03-17,Bacon Back
2022-03-17,Bib Stain
2022-03-17,Alpha Nits
2022-03-24,Laboured Teething
2022-03-24,Botanist Envy
2022-03-24,Posterior Motives
2022-03-24,Night Blondeness
2022-03-24,Phantom Thingy
2022-03-24,Wet Socket
2022-03-24,Apple Crack
2022-03-24,Fudge Judy
2022-03-24,Thumbdinger
2022-03-24,Fartistic Temperament
2022-03-31,Foot Job
2022-03-31,Deep Knee
2022-03-31,Fearache
2022-03-31,Stiff Upper Hip
2022-03-31,Poop John B
2022-03-31,Tailboner
2022-03-31,Thigh Lip
2022-04-07,Todd-O-Phonic Todd fills in
2022-04-14,Stoop Nuggets
2022-04-14,Index Lards
2022-04-14,Shin Squints
2022-04-14,Herorrhoids (vs hemorrhoids)
2022-04-14,Glottis Knight
2022-04-21,Hangman's Gas
2022-04-21,Blue Baboon
2022-04-21,Dunce Functions
2022-04-21,Sore Code
2022-04-21,Ball Bearings
2022-04-21,Taint Misbehavin'
2022-04-28,Disrespect for the Jaw
2022-04-28,Napericots
2022-04-28,Xavier Nougat
2022-04-28,Throatmeal
2022-04-28,Sittin' Spine
2022-04-28,Swinging Dingles
2022-05-05,Discontinued McRib
2022-05-05,Shadow Nose
2022-05-05,Barnum Sternum (Circus Sternum)
2022-05-05,Smelly Button
2022-05-05,Stool Brenner
2022-05-05,Falace Pretenses
2022-05-12,Arch Itch
2022-05-12,Fiddle Faddle Saddle
2022-05-12,Runny Bone
2022-05-12,Puff's Puff
2022-05-12,Billy The Kidney
2022-05-12,Motorbloat
2022-05-12,Peashooter Guilt
2022-05-19,Crab Suzette
2022-05-19,Toe Pogigio
2022-05-19,Jethro Skull
2022-05-19,Hairline Dancing
2022-05-19,Thin Balls (padding on the bottom of the feet)
2022-05-19,Leg It Will Come Back To You
2022-05-26,Teeth Partridge
2022-05-26,Panama Anal
2022-05-26,Jorgensen's Rash
2022-05-26,Fist Flights
2022-05-26,Earmongering
2022-05-26,Hair Jordan
2022-06-02,Jowl Movements
2022-06-02,Smilestones
2022-06-02,Towel Movements
2022-06-02,Gland Lubber
2022-06-02,Alarming Sag
2022-06-02,Ribeyeballs
2022-06-02,Dopelesness Feelings
2022-06-09,Onomatopeeing
2022-06-09,Campersand
2022-06-09,Pelvic Duty
2022-06-09,Lonely Hand
2022-06-09,Limidad (low front pain from Trinidad vs lumbago low back pain from Tobago)
2022-06-09,Sop Lift
2022-06-09,Forced Fudge
2022-06-09,Janitor's Dance
2022-06-16,Stool Whip
2022-06-16,Chin Splints
2022-06-16,Footbeer
2022-06-16,Lobes Pierre
2022-06-16,Good Old Time Real Itching
2022-06-16,Ifandsorbut
2022-06-16,Herb Scalpert
2022-06-16,Bicepsuality
2022-06-23,Lice Cream
2022-06-23,Sourdough Balls
2022-06-23,Choir Director's Gas
2022-06-23,Ladybug Eyes
2022-06-23,Facial Tocks
2022-06-23,Tailbone Appetit
2022-06-30,EFD fills in
2022-07-07,Todd-O-Phonic Todd fills in
2022-07-14,Hoots and Jingles
2022-07-14,Ping Pong Balls
2022-07-14,Fudge Dredd
2022-07-14,Back Porch Issues
2022-07-14,Abdullah Stigmata
2022-07-14,Lice Krispies
2022-07-14,Hollywood Loaf
2022-07-21,Autobody Experiences
2022-07-21,Spineapples
2022-07-21,Crêpey Outlook on Life
2022-07-21,Cornflakes (corn on the toe that is flaking)
2022-07-21,Sack Flies
2022-07-21,Tossed Solids
2022-07-21,Elbowner
2022-07-21,Wet Bedding
2022-07-21,Mud Lust
2022-07-28,Fannyeurisms
2022-07-28,Gumballs
2022-07-28,Vertebrittle
2022-07-28,Taint Misbehavin'
2022-07-28,Indian Liver
2022-07-28,Herb Scalpert
2022-07-28,Scrotons
2022-08-04,Flabdomen
2022-08-04,Head Sullivan
2022-08-04,Halley's Vomit
2022-08-04,Quaker Throats
2022-08-04,Mixed Nuts
2022-08-04,Elephant's Mammory
2022-08-04,Toe Towa
2022-08-04,Weehawken Loogies
2022-08-11,Taste Millers (vs Taste Buds)
2022-08-11,Pianist Envy
2022-08-11,Gland Ho
2022-08-11,Squershey Hurts
2022-08-11,Hemogoblin
2022-08-11,Count Fistula
2022-08-11,Itch a Sketch
2022-08-11,Madame Ovary
2022-08-18,Burnt Bird
2022-08-18,Faux Toe
2022-08-18,Hula Bowel
2022-08-18,Hearing Smells
2022-08-18,Third Sternum
2022-08-18,Billy The Kidney
2022-08-18,Fanny State
2022-08-18,Potent Taint
2022-08-18,Spooned Tongue (vs Forked Tongue)
2022-08-18,Sporked Tongue (vs Forked Tongue)
2022-08-25,Muscle Crowe
2022-08-25,Minimal Intent
2022-08-25,Butt Crackers
2022-08-25,Arch Clog (you need an Arch Enema then)
2022-08-25,Naughty Spine
2022-08-25,Contact Thigh
2022-08-25,Lobesity (fat build up on earlobes)
2022-08-25,Lease a Lobes (if you had your earlobes removed following Lobesity)
2022-09-01,Elbow Diddley
2022-09-01,Bicepsuality
2022-09-01,Test Ticklishness
2022-09-01,Fist Responders
2022-09-01,Spare Womb
2022-09-01,Barn Swallowing
2022-09-01,Pastor Exit
2022-09-01,Pallman Joy
2022-09-08,Baker's Cousin
2022-09-08,Gerber's Gas
2022-09-08,Gland Lubber
2022-09-08,Head Sullivan
2022-09-08,Mobangs
2022-09-08,Banana Throat
2022-09-08,Triodenum
2022-09-08,Half Mastoid
2022-09-15,Filthy Mitts
2022-09-15,Wrist Stops
2022-09-15,Aft Arm
2022-09-15,Sledding Urges
2022-09-15,Sweats for the Sweet
2022-09-15,Cough Broadway
2022-09-15,Virginia Monologues
2022-09-15,Rat Dreams
2022-09-22,Taint Misbehavin'
2022-09-22,Stolen Erection
2022-09-22,Halibutt
2022-09-22,Half Calves
2022-09-22,Howard Sternum
2022-09-22,Bar Stool
2022-09-22,Oxydol Problems
2022-09-22,Mountain Face
2022-09-29,Cosa Nostral
2022-09-29,Bangs Affiliation
2022-09-29,Goatfinger
2022-09-29,Lovin Mitt
2022-09-29,Bunshine
2022-09-29,Spinecones
2022-09-29,Halley's Vomit
2022-09-29,Gasterix
2022-10-06,Brainbow
2022-10-06,Sore Coat
2022-10-06,William Demerwrist
2022-10-06,Uncle Charlie Syndrome
2022-10-06,Brown Midnight
2022-10-06,Saliva Minelli
2022-10-06,Hellraiser Burn
2022-10-06,Elemenopee
2022-10-13,Rocky Mountain Thigh
2022-10-13,Bath Womb
2022-10-13,Fart Installations
2022-10-13,Candy Gland
2022-10-13,Honorable Manchin
2022-10-13,Assphalt
2022-10-13,Golf Balls
2022-10-13,Great American Navel
2022-10-20,Cry Lines
2022-10-20,Bad Grattitude
2022-10-20,Toener
2022-10-20,Scalpine Slide
2022-10-20,Buttering Ram
2022-10-20,Murtnats (tantrums spelled backwards)
2022-10-20,Bum Stares
2022-10-20,Tonsil Adams
2022-10-27,Powell's Boog
2022-10-27,Gone Dental
2022-10-27,Recently Visited Nasal Academy
2022-10-27,Earth Shoebidoobidoo
2022-10-27,Undue Burden
2022-10-27,Flute Loss
2022-10-27,Dry Cleaner's Malaise
2022-10-27,Straight Up Shifties
2018-06-21,No Wavelengths
2018-06-20,Nosebleed
2018-06-20,Headache
2018-06-14,No Wavelengths
2018-06-13,Nosebleed
2018-06-13,Headache
2018-06-07,No Wavelengths
2018-05-30,Nosebleed
2018-05-30,Headache
2018-05-23,Headache
2018-05-23,Nosebleed
2018-05-23,Pyles
2018-05-23,Vapors
2018-05-23,Tooth Ache
2018-05-16,Headache
2018-05-16,Pulsing Nosebleed
2018-05-09,Wavelengths with Sean. No symptoms mentioned
2018-05-03,No Wavelengths
2018-04-25,Wavelengths with Ronnie. No symptoms mentioned
2018-04-18,Wavelengths with Carlos. No symptoms mentioned
2017-07-19,Wavelengths with Kayzo. No symptoms mentioned
2018-01-03,Wavelengths with Kirsten. No symptoms mentioned
2018-01-10,(Clay calls this one his first live attempt)
2018-01-10,Wavelengths with Scotty C. No symptoms mentioned
2018-01-17,Wavelengths with Lu Lu. No symptoms mentioned
2018-01-24,Wavelengths with John. No symptoms mentioned
2018-01-31,Wavelengths with ThuddNugget. No symptoms mentioned
2018-02-07,Wavelengths with Colleen. No symptoms mentioned
2018-02-14,Wavelengths with Eric. No symptoms mentioned
2018-02-21,Wavelengths with Andrew. No symptoms mentioned
2018-02-28,Wavelengths with Swami. No symptoms mentioned
2018-03-07,Wavelengths with Rob Weisberg. No symptoms mentioned
2018-03-14,No Wavelengths
2018-03-21,Wavelengths with YerfriendPaul. No symptoms mentioned
2018-03-28,Wavelenghts with Bridgette. No symptoms mentioned
2018-04-04,Wavelengths with Patrick. No symptoms mentioned
2018-04-11,Wavelengths with Sarah. No symptoms mentioned
2017-07-24,Wavelengths with Kimzilla. No symptoms mentioned
2017-08-02,Wavelengths with Matt Warwick. No symptoms mentioned
2017-08-08,Wavelengths with DJ Michele. No symptoms mentioned
2017-08-18,Wavelengths with DJ Olivia. No symptoms mentioned
2017-08-30,Wavelengths with Medson. No symptoms mentioned
2017-08-24,No Wavelengths
2017-09-07,No Wavelengths
2017-09-14,No Wavelengths
2017-09-21,No Wavelengths
2017-09-28,No Wavelengths
2017-10-05,No Wavelengths
2017-10-12,Wavelengths with Medson.
